replica_count,replica_pid,window_index,window_start_sec,time_since_stable_start_s,throughput_ops_per_sec
1,1,0,1777553689,5.0,609.5
1,1,1,1777553693,9.0,549.4
1,1,2,1777553697,13.0,500.4
1,1,3,1777553701,17.0,467.1
1,1,4,1777553705,21.0,455.7
1,1,5,1777553709,25.0,423.4
1,1,6,1777553713,29.0,401.8
1,1,7,1777553717,33.0,366.6
1,1,8,1777553721,37.0,344.1
1,1,9,1777553725,41.0,324.0
1,1,10,1777553729,45.0,333.5
1,1,11,1777553733,49.0,319.6
1,1,12,1777553737,53.0,299.9
2,1,0,1777553782,5.0,419.2
2,2,0,1777553782,5.0,403.8
2,1,1,1777553786,9.0,400.0
2,2,1,1777553786,9.0,361.9
2,1,2,1777553790,13.0,441.8
2,2,2,1777553790,13.0,409.0
2,1,3,1777553794,17.0,516.5
2,2,3,1777553794,17.0,493.0
2,1,4,1777553798,21.0,470.1
2,2,4,1777553798,21.0,466.7
2,1,5,1777553802,25.0,412.4
2,2,5,1777553802,25.0,417.8
2,1,6,1777553806,29.0,371.2
2,2,6,1777553806,29.0,383.0
2,1,7,1777553810,33.0,338.5
2,2,7,1777553810,33.0,349.9
2,1,8,1777553814,37.0,318.0
2,2,8,1777553814,37.0,321.9
2,1,9,1777553818,41.0,310.4
2,2,9,1777553818,41.0,316.9
2,1,10,1777553822,45.0,319.9
2,2,10,1777553822,45.0,325.7
2,1,11,1777553826,49.0,326.8
2,2,11,1777553826,49.0,328.2
2,1,12,1777553830,53.0,304.9
2,2,12,1777553830,53.0,305.1
2,1,13,1777553834,57.0,285.3
2,2,13,1777553834,57.0,285.6
3,1,0,1777553878,5.0,299.6
3,2,0,1777553878,5.0,284.6
3,3,0,1777553878,5.0,319.7
3,1,1,1777553882,9.0,280.6
3,2,1,1777553882,9.0,235.7
3,3,1,1777553882,9.0,268.2
3,1,2,1777553886,13.0,285.6
3,2,2,1777553886,13.0,202.2
3,3,2,1777553886,13.0,229.6
3,1,3,1777553890,17.0,289.0
3,2,3,1777553890,17.0,185.2
3,3,3,1777553890,17.0,184.3
3,1,4,1777553894,21.0,276.8
3,2,4,1777553894,21.0,176.9
3,3,4,1777553894,21.0,164.1
3,1,5,1777553898,25.0,235.1
3,2,5,1777553898,25.0,164.2
3,3,5,1777553898,25.0,155.6
3,1,6,1777553902,29.0,192.8
3,2,6,1777553902,29.0,158.3
3,3,6,1777553902,29.0,147.0
3,1,7,1777553906,33.0,271.9
3,2,7,1777553906,33.0,228.3
3,3,7,1777553906,33.0,238.7
3,1,8,1777553910,37.0,344.7
3,2,8,1777553910,37.0,298.2
3,3,8,1777553910,37.0,312.3
3,1,9,1777553914,41.0,371.6
3,2,9,1777553914,41.0,316.2
3,3,9,1777553914,41.0,315.7
3,1,10,1777553918,45.0,330.6
3,2,10,1777553918,45.0,266.5
3,3,10,1777553918,45.0,263.2
3,1,11,1777553922,49.0,298.1
3,2,11,1777553922,49.0,224.2
3,3,11,1777553922,49.0,220.8
3,1,12,1777553926,53.0,275.5
3,2,12,1777553926,53.0,202.2
3,3,12,1777553926,53.0,200.1
3,1,13,1777553930,57.0,257.9
3,2,13,1777553930,57.0,170.0
3,3,13,1777553930,57.0,189.7
4,1,0,1777553975,5.0,267.8
4,2,0,1777553975,5.0,294.2
4,3,0,1777553975,5.0,280.1
4,4,0,1777553975,5.0,253.4
4,1,1,1777553979,9.0,222.5
4,2,1,1777553979,9.0,286.2
4,3,1,1777553979,9.0,255.1
4,4,1,1777553979,9.0,211.0
4,1,2,1777553983,13.0,204.7
4,2,2,1777553983,13.0,263.4
4,3,2,1777553983,13.0,220.5
4,4,2,1777553983,13.0,180.2
4,1,3,1777553987,17.0,197.3
4,2,3,1777553987,17.0,239.2
4,3,3,1777553987,17.0,183.9
4,4,3,1777553987,17.0,165.5
4,1,4,1777553991,21.0,187.4
4,2,4,1777553991,21.0,192.7
4,3,4,1777553991,21.0,171.0
4,4,4,1777553991,21.0,166.4
4,1,5,1777553995,25.0,153.6
4,2,5,1777553995,25.0,171.3
4,3,5,1777553995,25.0,172.2
4,4,5,1777553995,25.0,152.5
4,1,6,1777553999,29.0,151.3
4,2,6,1777553999,29.0,157.2
4,3,6,1777553999,29.0,143.8
4,4,6,1777553999,29.0,136.0
4,1,7,1777554003,33.0,159.9
4,2,7,1777554003,33.0,155.6
4,3,7,1777554003,33.0,76.8
4,4,7,1777554003,33.0,122.7
4,1,8,1777554007,37.0,170.0
4,2,8,1777554007,37.0,144.6
4,3,8,1777554007,37.0,12.6
4,4,8,1777554007,37.0,121.9
4,1,9,1777554011,41.0,150.4
4,2,9,1777554011,41.0,125.6
4,3,9,1777554011,41.0,0.0
4,4,9,1777554011,41.0,125.0
4,1,10,1777554015,45.0,144.6
4,2,10,1777554015,45.0,129.3
4,3,10,1777554015,45.0,0.0
4,4,10,1777554015,45.0,122.8
4,1,11,1777554019,49.0,135.9
4,2,11,1777554019,49.0,129.7
4,3,11,1777554019,49.0,0.0
4,4,11,1777554019,49.0,110.9
4,1,12,1777554023,53.0,186.5
4,2,12,1777554023,53.0,169.5
4,3,12,1777554023,53.0,0.0
4,4,12,1777554023,53.0,129.0
4,1,13,1777554027,57.0,229.3
4,2,13,1777554027,57.0,202.6
4,3,13,1777554027,57.0,0.0
4,4,13,1777554027,57.0,160.7
5,1,0,1777554075,5.0,224.1
5,2,0,1777554075,5.0,215.7
5,3,0,1777554075,5.0,220.2
5,4,0,1777554075,5.0,235.8
5,5,0,1777554075,5.0,222.3
5,1,1,1777554079,9.0,208.8
5,2,1,1777554079,9.0,199.8
5,3,1,1777554079,9.0,196.6
5,4,1,1777554079,9.0,235.8
5,5,1,1777554079,9.0,220.4
5,1,2,1777554083,13.0,193.1
5,2,2,1777554083,13.0,178.8
5,3,2,1777554083,13.0,171.1
5,4,2,1777554083,13.0,213.2
5,5,2,1777554083,13.0,200.1
5,1,3,1777554087,17.0,170.0
5,2,3,1777554087,17.0,170.1
5,3,3,1777554087,17.0,157.1
5,4,3,1777554087,17.0,185.4
5,5,3,1777554087,17.0,182.0
5,1,4,1777554091,21.0,146.5
5,2,4,1777554091,21.0,154.4
5,3,4,1777554091,21.0,155.7
5,4,4,1777554091,21.0,171.8
5,5,4,1777554091,21.0,154.5
5,1,5,1777554095,25.0,136.4
5,2,5,1777554095,25.0,138.5
5,3,5,1777554095,25.0,138.6
5,4,5,1777554095,25.0,171.3
5,5,5,1777554095,25.0,143.9
5,1,6,1777554099,29.0,134.0
5,2,6,1777554099,29.0,127.8
5,3,6,1777554099,29.0,126.3
5,4,6,1777554099,29.0,154.8
5,5,6,1777554099,29.0,121.5
5,1,7,1777554103,33.0,166.9
5,2,7,1777554103,33.0,150.2
5,3,7,1777554103,33.0,145.2
5,4,7,1777554103,33.0,161.3
5,5,7,1777554103,33.0,122.0
5,1,8,1777554107,37.0,208.3
5,2,8,1777554107,37.0,185.2
5,3,8,1777554107,37.0,196.3
5,4,8,1777554107,37.0,187.8
5,5,8,1777554107,37.0,153.7
5,1,9,1777554111,41.0,235.5
5,2,9,1777554111,41.0,204.1
5,3,9,1777554111,41.0,217.1
5,4,9,1777554111,41.0,222.7
5,5,9,1777554111,41.0,186.8
5,1,10,1777554115,45.0,200.4
5,2,10,1777554115,45.0,168.1
5,3,10,1777554115,45.0,199.4
5,4,10,1777554115,45.0,233.6
5,5,10,1777554115,45.0,165.3
5,1,11,1777554119,49.0,183.3
5,2,11,1777554119,49.0,139.8
5,3,11,1777554119,49.0,171.8
5,4,11,1777554119,49.0,199.2
5,5,11,1777554119,49.0,152.3
5,1,12,1777554123,53.0,170.3
5,2,12,1777554123,53.0,122.6
5,3,12,1777554123,53.0,149.3
5,4,12,1777554123,53.0,172.7
5,5,12,1777554123,53.0,138.3
5,1,13,1777554127,57.0,163.8
5,2,13,1777554127,57.0,110.1
5,3,13,1777554127,57.0,129.4
5,4,13,1777554127,57.0,149.2
5,5,13,1777554127,57.0,127.1
5,1,14,1777554131,61.0,148.7
5,2,14,1777554131,61.0,108.9
5,3,14,1777554131,61.0,122.7
5,4,14,1777554131,61.0,128.3
5,5,14,1777554131,61.0,120.3
6,1,0,1777554176,5.0,194.5
6,2,0,1777554176,5.0,184.2
6,3,0,1777554176,5.0,190.5
6,4,0,1777554176,5.0,191.3
6,5,0,1777554176,5.0,185.7
6,6,0,1777554176,5.0,191.0
6,1,1,1777554180,9.0,180.6
6,2,1,1777554180,9.0,192.0
6,3,1,1777554180,9.0,177.6
6,4,1,1777554180,9.0,185.0
6,5,1,1777554180,9.0,178.4
6,6,1,1777554180,9.0,204.3
6,1,2,1777554184,13.0,168.0
6,2,2,1777554184,13.0,201.4
6,3,2,1777554184,13.0,161.3
6,4,2,1777554184,13.0,169.1
6,5,2,1777554184,13.0,172.8
6,6,2,1777554184,13.0,204.7
6,1,3,1777554188,17.0,154.0
6,2,3,1777554188,17.0,187.0
6,3,3,1777554188,17.0,144.2
6,4,3,1777554188,17.0,150.5
6,5,3,1777554188,17.0,160.0
6,6,3,1777554188,17.0,195.3
6,1,4,1777554192,21.0,143.0
6,2,4,1777554192,21.0,161.9
6,3,4,1777554192,21.0,141.4
6,4,4,1777554192,21.0,137.2
6,5,4,1777554192,21.0,141.3
6,6,4,1777554192,21.0,187.7
6,1,5,1777554196,25.0,138.8
6,2,5,1777554196,25.0,146.7
6,3,5,1777554196,25.0,136.2
6,4,5,1777554196,25.0,135.3
6,5,5,1777554196,25.0,138.3
6,6,5,1777554196,25.0,168.4
6,1,6,1777554200,29.0,132.7
6,2,6,1777554200,29.0,141.3
6,3,6,1777554200,29.0,129.2
6,4,6,1777554200,29.0,128.0
6,5,6,1777554200,29.0,132.3
6,6,6,1777554200,29.0,139.4
6,1,7,1777554204,33.0,129.8
6,2,7,1777554204,33.0,135.2
6,3,7,1777554204,33.0,145.0
6,4,7,1777554204,33.0,117.2
6,5,7,1777554204,33.0,116.4
6,6,7,1777554204,33.0,131.4
6,1,8,1777554208,37.0,146.5
6,2,8,1777554208,37.0,171.0
6,3,8,1777554208,37.0,170.1
6,4,8,1777554208,37.0,130.6
6,5,8,1777554208,37.0,134.8
6,6,8,1777554208,37.0,159.0
6,1,9,1777554212,41.0,165.1
6,2,9,1777554212,41.0,206.6
6,3,9,1777554212,41.0,177.7
6,4,9,1777554212,41.0,153.4
6,5,9,1777554212,41.0,152.0
6,6,9,1777554212,41.0,191.3
6,1,10,1777554216,45.0,159.3
6,2,10,1777554216,45.0,207.7
6,3,10,1777554216,45.0,154.7
6,4,10,1777554216,45.0,156.7
6,5,10,1777554216,45.0,157.1
6,6,10,1777554216,45.0,205.1
6,1,11,1777554220,49.0,143.2
6,2,11,1777554220,49.0,189.8
6,3,11,1777554220,49.0,139.4
6,4,11,1777554220,49.0,144.7
6,5,11,1777554220,49.0,145.8
6,6,11,1777554220,49.0,173.1
6,1,12,1777554224,53.0,133.8
6,2,12,1777554224,53.0,175.6
6,3,12,1777554224,53.0,124.6
6,4,12,1777554224,53.0,130.8
6,5,12,1777554224,53.0,135.1
6,6,12,1777554224,53.0,142.0
6,1,13,1777554228,57.0,124.5
6,2,13,1777554228,57.0,159.6
6,3,13,1777554228,57.0,117.7
6,4,13,1777554228,57.0,120.4
6,5,13,1777554228,57.0,122.8
6,6,13,1777554228,57.0,122.4
6,1,14,1777554232,61.0,118.0
6,2,14,1777554232,61.0,129.4
6,3,14,1777554232,61.0,109.4
6,4,14,1777554232,61.0,113.7
6,5,14,1777554232,61.0,113.8
6,6,14,1777554232,61.0,128.6
7,1,0,1777554279,5.0,158.7
7,2,0,1777554279,5.0,162.8
7,3,0,1777554279,5.0,166.2
7,4,0,1777554279,5.0,164.5
7,5,0,1777554279,5.0,164.0
7,6,0,1777554279,5.0,160.7
7,7,0,1777554279,5.0,162.6
7,1,1,1777554283,9.0,156.4
7,2,1,1777554283,9.0,160.3
7,3,1,1777554283,9.0,166.4
7,4,1,1777554283,9.0,153.9
7,5,1,1777554283,9.0,166.6
7,6,1,1777554283,9.0,159.2
7,7,1,1777554283,9.0,163.9
7,1,2,1777554287,13.0,149.4
7,2,2,1777554287,13.0,156.6
7,3,2,1777554287,13.0,164.9
7,4,2,1777554287,13.0,147.7
7,5,2,1777554287,13.0,180.9
7,6,2,1777554287,13.0,155.5
7,7,2,1777554287,13.0,166.6
7,1,3,1777554291,17.0,146.1
7,2,3,1777554291,17.0,147.4
7,3,3,1777554291,17.0,156.3
7,4,3,1777554291,17.0,140.4
7,5,3,1777554291,17.0,191.3
7,6,3,1777554291,17.0,144.4
7,7,3,1777554291,17.0,168.5
7,1,4,1777554295,21.0,144.5
7,2,4,1777554295,21.0,130.5
7,3,4,1777554295,21.0,147.1
7,4,4,1777554295,21.0,133.9
7,5,4,1777554295,21.0,177.9
7,6,4,1777554295,21.0,131.5
7,7,4,1777554295,21.0,161.5
7,1,5,1777554299,25.0,135.1
7,2,5,1777554299,25.0,116.8
7,3,5,1777554299,25.0,143.8
7,4,5,1777554299,25.0,129.4
7,5,5,1777554299,25.0,154.2
7,6,5,1777554299,25.0,120.6
7,7,5,1777554299,25.0,145.8
7,1,6,1777554303,29.0,114.5
7,2,6,1777554303,29.0,111.4
7,3,6,1777554303,29.0,138.8
7,4,6,1777554303,29.0,127.2
7,5,6,1777554303,29.0,142.6
7,6,6,1777554303,29.0,121.4
7,7,6,1777554303,29.0,137.4
7,1,7,1777554307,33.0,103.3
7,2,7,1777554307,33.0,107.6
7,3,7,1777554307,33.0,122.6
7,4,7,1777554307,33.0,117.3
7,5,7,1777554307,33.0,128.4
7,6,7,1777554307,33.0,121.8
7,7,7,1777554307,33.0,123.9
7,1,8,1777554311,37.0,100.3
7,2,8,1777554311,37.0,106.0
7,3,8,1777554311,37.0,115.4
7,4,8,1777554311,37.0,104.5
7,5,8,1777554311,37.0,120.0
7,6,8,1777554311,37.0,113.8
7,7,8,1777554311,37.0,109.9
7,1,9,1777554315,41.0,122.1
7,2,9,1777554315,41.0,115.1
7,3,9,1777554315,41.0,114.3
7,4,9,1777554315,41.0,119.6
7,5,9,1777554315,41.0,128.6
7,6,9,1777554315,41.0,121.0
7,7,9,1777554315,41.0,125.7
7,1,10,1777554319,45.0,139.8
7,2,10,1777554319,45.0,124.4
7,3,10,1777554319,45.0,123.3
7,4,10,1777554319,45.0,131.7
7,5,10,1777554319,45.0,138.9
7,6,10,1777554319,45.0,131.8
7,7,10,1777554319,45.0,144.0
7,1,11,1777554323,49.0,133.5
7,2,11,1777554323,49.0,119.0
7,3,11,1777554323,49.0,129.6
7,4,11,1777554323,49.0,139.6
7,5,11,1777554323,49.0,137.2
7,6,11,1777554323,49.0,132.5
7,7,11,1777554323,49.0,146.1
7,1,12,1777554327,53.0,114.3
7,2,12,1777554327,53.0,110.6
7,3,12,1777554327,53.0,128.9
7,4,12,1777554327,53.0,121.6
7,5,12,1777554327,53.0,128.3
7,6,12,1777554327,53.0,123.6
7,7,12,1777554327,53.0,137.2
7,1,13,1777554331,57.0,101.8
7,2,13,1777554331,57.0,100.1
7,3,13,1777554331,57.0,122.3
7,4,13,1777554331,57.0,118.6
7,5,13,1777554331,57.0,123.0
7,6,13,1777554331,57.0,113.9
7,7,13,1777554331,57.0,125.4
7,1,14,1777554335,61.0,90.2
7,2,14,1777554335,61.0,93.1
7,3,14,1777554335,61.0,118.1
7,4,14,1777554335,61.0,115.3
7,5,14,1777554335,61.0,117.1
7,6,14,1777554335,61.0,111.4
7,7,14,1777554335,61.0,114.4
8,1,0,1777554383,5.0,143.8
8,2,0,1777554383,5.0,140.2
8,3,0,1777554383,5.0,140.9
8,4,0,1777554383,5.0,144.9
8,5,0,1777554383,5.0,146.7
8,6,0,1777554383,5.0,146.1
8,7,0,1777554383,5.0,142.3
8,8,0,1777554383,5.0,149.1
8,1,1,1777554387,9.0,136.7
8,2,1,1777554387,9.0,136.8
8,3,1,1777554387,9.0,137.9
8,4,1,1777554387,9.0,144.5
8,5,1,1777554387,9.0,143.9
8,6,1,1777554387,9.0,145.1
8,7,1,1777554387,9.0,141.0
8,8,1,1777554387,9.0,147.0
8,1,2,1777554391,13.0,137.0
8,2,2,1777554391,13.0,133.8
8,3,2,1777554391,13.0,137.3
8,4,2,1777554391,13.0,143.8
8,5,2,1777554391,13.0,137.7
8,6,2,1777554391,13.0,140.4
8,7,2,1777554391,13.0,138.4
8,8,2,1777554391,13.0,152.6
8,1,3,1777554395,17.0,135.7
8,2,3,1777554395,17.0,124.2
8,3,3,1777554395,17.0,132.3
8,4,3,1777554395,17.0,143.5
8,5,3,1777554395,17.0,134.5
8,6,3,1777554395,17.0,133.4
8,7,3,1777554395,17.0,143.8
8,8,3,1777554395,17.0,155.5
8,1,4,1777554399,21.0,136.4
8,2,4,1777554399,21.0,115.7
8,3,4,1777554399,21.0,125.4
8,4,4,1777554399,21.0,138.6
8,5,4,1777554399,21.0,127.4
8,6,4,1777554399,21.0,129.4
8,7,4,1777554399,21.0,142.7
8,8,4,1777554399,21.0,145.1
8,1,5,1777554403,25.0,134.3
8,2,5,1777554403,25.0,107.0
8,3,5,1777554403,25.0,118.8
8,4,5,1777554403,25.0,124.2
8,5,5,1777554403,25.0,112.3
8,6,5,1777554403,25.0,134.7
8,7,5,1777554403,25.0,141.4
8,8,5,1777554403,25.0,129.9
8,1,6,1777554407,29.0,132.3
8,2,6,1777554407,29.0,103.5
8,3,6,1777554407,29.0,113.0
8,4,6,1777554407,29.0,116.2
8,5,6,1777554407,29.0,98.5
8,6,6,1777554407,29.0,130.7
8,7,6,1777554407,29.0,130.2
8,8,6,1777554407,29.0,116.9
8,1,7,1777554411,33.0,111.2
8,2,7,1777554411,33.0,98.3
8,3,7,1777554411,33.0,104.9
8,4,7,1777554411,33.0,105.6
8,5,7,1777554411,33.0,89.4
8,6,7,1777554411,33.0,115.8
8,7,7,1777554411,33.0,122.5
8,8,7,1777554411,33.0,107.5
8,1,8,1777554415,37.0,101.4
8,2,8,1777554415,37.0,93.1
8,3,8,1777554415,37.0,94.5
8,4,8,1777554415,37.0,99.6
8,5,8,1777554415,37.0,87.2
8,6,8,1777554415,37.0,103.6
8,7,8,1777554415,37.0,101.5
8,8,8,1777554415,37.0,99.2
8,1,9,1777554419,41.0,102.1
8,2,9,1777554419,41.0,106.8
8,3,9,1777554419,41.0,105.9
8,4,9,1777554419,41.0,97.0
8,5,9,1777554419,41.0,84.5
8,6,9,1777554419,41.0,97.8
8,7,9,1777554419,41.0,109.3
8,8,9,1777554419,41.0,105.1
8,1,10,1777554423,45.0,122.6
8,2,10,1777554423,45.0,127.5
8,3,10,1777554423,45.0,127.5
8,4,10,1777554423,45.0,117.4
8,5,10,1777554423,45.0,105.8
8,6,10,1777554423,45.0,102.3
8,7,10,1777554423,45.0,127.7
8,8,10,1777554423,45.0,125.6
8,1,11,1777554427,49.0,143.0
8,2,11,1777554427,49.0,140.2
8,3,11,1777554427,49.0,141.5
8,4,11,1777554427,49.0,138.2
8,5,11,1777554427,49.0,123.5
8,6,11,1777554427,49.0,112.4
8,7,11,1777554427,49.0,141.1
8,8,11,1777554427,49.0,147.7
8,1,12,1777554431,53.0,135.5
8,2,12,1777554431,53.0,130.3
8,3,12,1777554431,53.0,127.2
8,4,12,1777554431,53.0,126.5
8,5,12,1777554431,53.0,130.8
8,6,12,1777554431,53.0,112.5
8,7,12,1777554431,53.0,130.7
8,8,12,1777554431,53.0,135.5
8,1,13,1777554435,57.0,124.8
8,2,13,1777554435,57.0,115.3
8,3,13,1777554435,57.0,112.5
8,4,13,1777554435,57.0,114.1
8,5,13,1777554435,57.0,120.9
8,6,13,1777554435,57.0,110.8
8,7,13,1777554435,57.0,120.0
8,8,13,1777554435,57.0,126.1
8,1,14,1777554439,61.0,118.3
8,2,14,1777554439,61.0,106.6
8,3,14,1777554439,61.0,104.6
8,4,14,1777554439,61.0,111.4
8,5,14,1777554439,61.0,110.2
8,6,14,1777554439,61.0,107.0
8,7,14,1777554439,61.0,112.9
8,8,14,1777554439,61.0,109.9
8,1,15,1777554443,65.0,108.7
8,2,15,1777554443,65.0,105.3
8,3,15,1777554443,65.0,98.7
8,4,15,1777554443,65.0,111.4
8,5,15,1777554443,65.0,94.6
8,6,15,1777554443,65.0,102.8
8,7,15,1777554443,65.0,111.3
8,8,15,1777554443,65.0,99.1
