source,event,phase,timestamp_us,replica_pid,peer_pid,gc_marker,sent_us,received_us,start_us,end_us,insert_count,delete_count,detail,client_id,operation,value,status_code,latency_us
server,replica_init,start,1786973467116277,178697341754591645,,,,,,,,,,,,,,
server,persistent_state_fetch,completed,1786973467490366,178697341754591645,,,,,1786973467116299,1786973467490366,,,restored_existing_snapshot,,,,,374067
server,membership_descriptor_write,completed,1786973467494683,178697341754591645,,,,,1786973467116523,1786973467494683,,,"178697341754591645,3.231.214.148:19084,0",,,,,378160
server,membership_directory_read,completed,1786973467623129,178697341754591645,,,,,1786973467494688,1786973467623129,,,init:15 descriptors,,,,,128441
server,replica_init,completed,1786973467625541,178697341754591645,,,,,,,,,,,,,,
server,peer_replication_connection,established,1786973467841792,178697341754591645,178697341754591631,,,,,,,,,,,,,
server,peer_replication_connection,established,1786973468063276,178697341754591645,178697341754591632,,,,,,,,,,,,,
server,peer_replication_connection,established,1786973468285540,178697341754591645,178697341754591633,,,,,,,,,,,,,
server,peer_replication_pull_request,sent,1786973468626184,178697341754591645,,,,,,,,,connected_peers=3,,,,,
server,peer_replication_merge_delta,completed,1786973469002255,178697341754591645,,,,1786973468999926,1786973469002253,1786973469002255,,,"delta_len=0,sent_us=1786973468834261",,,,,2
server,peer_replication_pull_request,sent,1786973469626704,178697341754591645,,,,,,,,,connected_peers=3,,,,,
server,peer_replication_merge_delta,completed,1786973470009445,178697341754591645,,,,1786973470007311,1786973470009443,1786973470009445,,,"delta_len=0,sent_us=1786973469843409",,,,,2
server,peer_replication_pull_request,sent,1786973470627124,178697341754591645,,,,,,,,,connected_peers=3,,,,,
server,peer_replication_merge_delta,completed,1786973470998212,178697341754591645,,,,1786973470996051,1786973470998210,1786973470998212,,,"delta_len=0,sent_us=1786973470832305",,,,,2
server,peer_replication_pull_request,sent,1786973471626902,178697341754591645,,,,,,,,,connected_peers=3,,,,,
server,peer_replication_merge_delta,completed,1786973471998190,178697341754591645,,,,1786973471996043,1786973471998189,1786973471998190,,,"delta_len=0,sent_us=1786973471832301",,,,,1
server,membership_directory_read,completed,1786973472247129,178697341754591645,,,,,1786973472117318,1786973472247129,,,poll:16 descriptors,,,,,129811
server,peer_replication_pull_request,sent,1786973472626550,178697341754591645,,,,,,,,,connected_peers=3,,,,,
server,peer_replication_merge_delta,completed,1786973473002123,178697341754591645,,,,1786973472999973,1786973473002121,1786973473002123,,,"delta_len=0,sent_us=1786973472834207",,,,,2
server,peer_replication_pull_request,sent,1786973473627149,178697341754591645,,,,,,,,,connected_peers=3,,,,,
server,peer_replication_merge_delta,completed,1786973473997428,178697341754591645,,,,1786973473996057,1786973473997425,1786973473997428,,,"delta_len=0,sent_us=1786973473832310",,,,,3
server,peer_replication_get_delta,completed,1786973473997455,178697341754591645,178697341754591631,,,1786973473997452,1786973473997453,1786973473997455,,,"delta_len=0,sent_us=1786973473909575",,,,,2
server,peer_replication_pull_request,sent,1786973474626247,178697341754591645,,,,,,,,,connected_peers=3,,,,,
server,peer_replication_merge_delta,completed,1786973475002764,178697341754591645,,,,1786973475001670,1786973475002761,1786973475002764,,,"delta_len=0,sent_us=1786973474790005",,,,,3
server,peer_replication_pull_request,sent,1786973475626534,178697341754591645,,,,,,,,,connected_peers=3,,,,,
server,peer_replication_merge_delta,completed,1786973476001098,178697341754591645,,,,1786973475999879,1786973476001096,1786973476001098,,,"delta_len=0,sent_us=1786973475834223",,,,,2
server,peer_replication_pull_request,sent,1786973476626711,178697341754591645,,,,,,,,,connected_peers=3,,,,,
server,peer_replication_merge_delta,completed,1786973477000409,178697341754591645,,,,1786973476999170,1786973477000407,1786973477000409,,,"delta_len=0,sent_us=1786973476833720",,,,,2
server,membership_directory_read,completed,1786973477248331,178697341754591645,,,,,1786973477117427,1786973477248331,,,poll:16 descriptors,,,,,130904
server,peer_replication_pull_request,sent,1786973477626628,178697341754591645,,,,,,,,,connected_peers=3,,,,,
server,peer_replication_merge_delta,completed,1786973477997267,178697341754591645,,,,1786973477996082,1786973477997265,1786973477997267,,,"delta_len=0,sent_us=1786973477832295",,,,,2
server,peer_replication_pull_request,sent,1786973478626930,178697341754591645,,,,,,,,,connected_peers=3,,,,,
server,peer_replication_merge_delta,completed,1786973478997597,178697341754591645,,,,1786973478996055,1786973478997594,1786973478997597,,,"delta_len=0,sent_us=1786973478832317",,,,,3
server,peer_replication_pull_request,sent,1786973479626924,178697341754591645,,,,,,,,,connected_peers=3,,,,,
server,peer_replication_merge_delta,completed,1786973480004449,178697341754591645,,,,1786973480003215,1786973480004447,1786973480004449,,,"delta_len=0,sent_us=1786973479839351",,,,,2
server,peer_replication_pull_request,sent,1786973480627014,178697341754591645,,,,,,,,,connected_peers=3,,,,,
server,peer_replication_merge_delta,completed,1786973481000612,178697341754591645,,,,1786973480999232,1786973481000609,1786973481000612,,,"delta_len=0,sent_us=1786973480833748",,,,,3
server,peer_replication_get_delta,completed,1786973481390277,178697341754591645,178697341754591633,,,1786973481390273,1786973481390276,1786973481390277,,,"delta_len=0,sent_us=1786973481224433",,,,,1
server,peer_replication_pull_request,sent,1786973481626729,178697341754591645,,,,,,,,,connected_peers=3,,,,,
server,peer_replication_merge_delta,completed,1786973482000411,178697341754591645,,,,1786973481999271,1786973482000409,1786973482000411,,,"delta_len=0,sent_us=1786973481833812",,,,,2
server,membership_directory_read,completed,1786973482247654,178697341754591645,,,,,1786973482117550,1786973482247654,,,poll:17 descriptors,,,,,130104
server,peer_replication_pull_request,sent,1786973482627058,178697341754591645,,,,,,,,,connected_peers=3,,,,,
server,peer_replication_merge_delta,completed,1786973482997404,178697341754591645,,,,1786973482996048,1786973482997401,1786973482997404,,,"delta_len=0,sent_us=1786973482832294",,,,,3
server,peer_replication_pull_request,sent,1786973483626935,178697341754591645,,,,,,,,,connected_peers=3,,,,,
server,peer_replication_merge_delta,completed,1786973483997079,178697341754591645,,,,1786973483996047,1786973483997077,1786973483997079,,,"delta_len=0,sent_us=1786973483832301",,,,,2
server,peer_replication_pull_request,sent,1786973484626877,178697341754591645,,,,,,,,,connected_peers=3,,,,,
server,peer_replication_merge_delta,completed,1786973485004608,178697341754591645,,,,1786973485003608,1786973485004606,1786973485004608,,,"delta_len=0,sent_us=1786973484794453",,,,,2
server,peer_replication_pull_request,sent,1786973485626363,178697341754591645,,,,,,,,,connected_peers=3,,,,,
server,peer_replication_merge_delta,completed,1786973485997303,178697341754591645,,,,1786973485996109,1786973485997301,1786973485997303,,,"delta_len=0,sent_us=1786973485832290",,,,,2
server,peer_replication_pull_request,sent,1786973486626950,178697341754591645,,,,,,,,,connected_peers=3,,,,,
server,peer_replication_merge_delta,completed,1786973487000392,178697341754591645,,,,1786973486999297,1786973487000389,1786973487000392,,,"delta_len=0,sent_us=1786973486833847",,,,,3
server,membership_directory_read,completed,1786973487248058,178697341754591645,,,,,1786973487117548,1786973487248058,,,poll:18 descriptors,,,,,130510
server,peer_replication_pull_request,sent,1786973487626405,178697341754591645,,,,,,,,,connected_peers=3,,,,,
server,peer_replication_merge_delta,completed,1786973488000608,178697341754591645,,,,1786973487999245,1786973488000605,1786973488000608,,,"delta_len=0,sent_us=1786973487833762",,,,,3
server,peer_replication_pull_request,sent,1786973488627111,178697341754591645,,,,,,,,,connected_peers=3,,,,,
server,peer_replication_merge_delta,completed,1786973489010885,178697341754591645,,,,1786973489009883,1786973489010883,1786973489010885,,,"delta_len=0,sent_us=1786973488844249",,,,,2
server,peer_replication_pull_request,sent,1786973489626715,178697341754591645,,,,,,,,,connected_peers=3,,,,,
server,peer_replication_merge_delta,completed,1786973490000274,178697341754591645,,,,1786973489999211,1786973490000271,1786973490000274,,,"delta_len=0,sent_us=1786973489833753",,,,,3
server,peer_replication_get_delta,completed,1786973490390333,178697341754591645,178697341754591633,,,1786973490390329,1786973490390332,1786973490390333,,,"delta_len=0,sent_us=1786973490224529",,,,,1
server,peer_replication_pull_request,sent,1786973490626730,178697341754591645,,,,,,,,,connected_peers=3,,,,,
server,peer_replication_merge_delta,completed,1786973490924931,178697341754591645,,,,1786973490923637,1786973490924929,1786973490924931,,,"delta_len=0,sent_us=1786973490715315",,,,,2
server,peer_replication_pull_request,sent,1786973491626533,178697341754591645,,,,,,,,,connected_peers=3,,,,,
server,peer_replication_merge_delta,completed,1786973492000327,178697341754591645,,,,1786973491999200,1786973492000325,1786973492000327,,,"delta_len=0,sent_us=1786973491833723",,,,,2
server,membership_directory_read,completed,1786973492248401,178697341754591645,,,,,1786973492117508,1786973492248401,,,poll:19 descriptors,,,,,130893
server,peer_replication_pull_request,sent,1786973492626647,178697341754591645,,,,,,,,,connected_peers=3,,,,,
server,peer_replication_merge_delta,completed,1786973493011399,178697341754591645,,,,1786973493009963,1786973493011397,1786973493011399,,,"delta_len=0,sent_us=1786973492844238",,,,,2
server,peer_replication_pull_request,sent,1786973493626735,178697341754591645,,,,,,,,,connected_peers=3,,,,,
server,peer_replication_merge_delta,completed,1786973494010984,178697341754591645,,,,1786973494009943,1786973494010982,1786973494010984,,,"delta_len=0,sent_us=1786973493844301",,,,,2
server,peer_replication_pull_request,sent,1786973494626746,178697341754591645,,,,,,,,,connected_peers=3,,,,,
server,peer_replication_merge_delta,completed,1786973495005108,178697341754591645,,,,1786973495004056,1786973495005106,1786973495005108,,,"delta_len=0,sent_us=1786973494840259",,,,,2
server,peer_replication_pull_request,sent,1786973495626837,178697341754591645,,,,,,,,,connected_peers=3,,,,,
server,peer_replication_merge_delta,completed,1786973495997356,178697341754591645,,,,1786973495996147,1786973495997354,1786973495997356,,,"delta_len=0,sent_us=1786973495832389",,,,,2
server,peer_replication_pull_request,sent,1786973496626944,178697341754591645,,,,,,,,,connected_peers=3,,,,,
server,peer_replication_merge_delta,completed,1786973496997471,178697341754591645,,,,1786973496996226,1786973496997469,1786973496997471,,,"delta_len=0,sent_us=1786973496832457",,,,,2
server,membership_directory_read,completed,1786973497247987,178697341754591645,,,,,1786973497117521,1786973497247987,,,poll:20 descriptors,,,,,130466
server,peer_replication_pull_request,sent,1786973497626365,178697341754591645,,,,,,,,,connected_peers=3,,,,,
server,peer_replication_merge_delta,completed,1786973497997486,178697341754591645,,,,1786973497996054,1786973497997485,1786973497997486,,,"delta_len=0,sent_us=1786973497832304",,,,,1
server,peer_replication_pull_request,sent,1786973498626620,178697341754591645,,,,,,,,,connected_peers=3,,,,,
server,peer_replication_merge_delta,completed,1786973498997302,178697341754591645,,,,1786973498996057,1786973498997300,1786973498997302,,,"delta_len=0,sent_us=1786973498832327",,,,,2
server,peer_replication_pull_request,sent,1786973499626879,178697341754591645,,,,,,,,,connected_peers=3,,,,,
server,peer_replication_merge_delta,completed,1786973500011177,178697341754591645,,,,1786973500010012,1786973500011175,1786973500011177,,,"delta_len=0,sent_us=1786973499844247",,,,,2
server,peer_replication_pull_request,sent,1786973500626831,178697341754591645,,,,,,,,,connected_peers=3,,,,,
server,peer_replication_merge_delta,completed,1786973501011249,178697341754591645,,,,1786973501010022,1786973501011247,1786973501011249,,,"delta_len=0,sent_us=1786973500844286",,,,,2
server,peer_replication_pull_request,sent,1786973501626811,178697341754591645,,,,,,,,,connected_peers=3,,,,,
server,peer_replication_merge_delta,completed,1786973502000541,178697341754591645,,,,1786973501999208,1786973502000538,1786973502000541,,,"delta_len=0,sent_us=1786973501833766",,,,,3
server,membership_directory_read,completed,1786973502245309,178697341754591645,,,,,1786973502117503,1786973502245309,,,poll:21 descriptors,,,,,127806
server,client_mutation,completed,1786974206146648,178697341754591645,,,,1786974206144422,1786974206144422,1786974206146648,,,,,,,,2226
server,client_mutation,completed,1786974206148624,178697341754591645,,,,1786974206146669,1786974206146669,1786974206148624,,,,,,,,1955
server,peer_replication_get_delta,completed,1786974206148641,178697341754591645,178697341754591632,,,1786974206148639,1786974206148640,1786974206148641,,,"delta_len=2,sent_us=1786973516520475",,,,,1
server,peer_replication_get_delta,completed,1786974206148661,178697341754591645,178697341754591633,,,1786974206148659,1786974206148660,1786974206148661,,,"delta_len=2,sent_us=1786973521224632",,,,,1
server,peer_replication_get_delta,completed,1786974206148666,178697341754591645,178697341754591631,,,1786974206148665,1786974206148666,1786974206148666,,,"delta_len=2,sent_us=1786973523909301",,,,,0
server,peer_replication_get_delta,completed,1786974206148671,178697341754591645,178697341754591632,,,1786974206148670,1786974206148670,1786974206148671,,,"delta_len=2,sent_us=1786973526520837",,,,,1
server,peer_replication_get_delta,completed,1786974206148675,178697341754591645,178697341754591632,,,1786974206148674,1786974206148674,1786974206148675,,,"delta_len=2,sent_us=1786973531521150",,,,,1
server,peer_replication_get_delta,completed,1786974206148679,178697341754591645,178697341754591631,,,1786974206148679,1786974206148679,1786974206148679,,,"delta_len=2,sent_us=1786973534909330",,,,,0
server,peer_replication_get_delta,completed,1786974206148684,178697341754591645,178697341754591632,,,1786974206148683,1786974206148683,1786974206148684,,,"delta_len=2,sent_us=1786973542520635",,,,,1
server,peer_replication_get_delta,completed,1786974206148688,178697341754591645,178697341754591631,,,1786974206148688,1786974206148688,1786974206148688,,,"delta_len=2,sent_us=1786973565908965",,,,,0
server,peer_replication_get_delta,completed,1786974206148693,178697341754591645,178697341754591631,,,1786974206148692,1786974206148692,1786974206148693,,,"delta_len=2,sent_us=1786973581908756",,,,,1
server,peer_replication_get_delta,completed,1786974206148835,178697341754591645,178697341754591633,,,1786974206148834,1786974206148834,1786974206148835,,,"delta_len=2,sent_us=1786973598224904",,,,,1
server,peer_replication_get_delta,completed,1786974206148846,178697341754591645,178697341754591631,,,1786974206148845,1786974206148845,1786974206148846,,,"delta_len=2,sent_us=1786973599909629",,,,,1
server,peer_replication_get_delta,completed,1786974206148850,178697341754591645,178697341754591632,,,1786974206148849,1786974206148850,1786974206148850,,,"delta_len=2,sent_us=1786973611520971",,,,,0
server,peer_replication_get_delta,completed,1786974206148855,178697341754591645,178697341754591632,,,1786974206148854,1786974206148854,1786974206148855,,,"delta_len=2,sent_us=1786973614520780",,,,,1
server,peer_replication_get_delta,completed,1786974206148860,178697341754591645,178697341754591632,,,1786974206148858,1786974206148859,1786974206148860,,,"delta_len=2,sent_us=1786973624521145",,,,,1
server,peer_replication_get_delta,completed,1786974206148864,178697341754591645,178697341754591632,,,1786974206148863,1786974206148863,1786974206148864,,,"delta_len=2,sent_us=1786973634521194",,,,,1
server,peer_replication_get_delta,completed,1786974206148869,178697341754591645,178697341754591633,,,1786974206148867,1786974206148868,1786974206148869,,,"delta_len=2,sent_us=1786973639225187",,,,,1
server,peer_replication_get_delta,completed,1786974206148873,178697341754591645,178697341754591632,,,1786974206148872,1786974206148873,1786974206148873,,,"delta_len=2,sent_us=1786973640521168",,,,,0
server,peer_replication_get_delta,completed,1786974206148887,178697341754591645,178697341754591633,,,1786974206148886,1786974206148887,1786974206148887,,,"delta_len=2,sent_us=1786973681224597",,,,,0
server,peer_replication_get_delta,completed,1786974206148925,178697341754591645,178697341754591633,,,1786974206148924,1786974206148924,1786974206148925,,,"delta_len=2,sent_us=1786973709224981",,,,,1
server,peer_replication_get_delta,completed,1786974206148931,178697341754591645,178697341754591632,,,1786974206148930,1786974206148930,1786974206148931,,,"delta_len=2,sent_us=1786973721520573",,,,,1
server,peer_replication_pull_request,sent,1786974206148942,178697341754591645,,,,,,,,,connected_peers=3,,,,,
server,peer_replication_pull_request,sent,1786974206148949,178697341754591645,,,,,,,,,connected_peers=3,,,,,
server,peer_replication_pull_request,sent,1786974206148953,178697341754591645,,,,,,,,,connected_peers=3,,,,,
server,peer_replication_pull_request,sent,1786974206148958,178697341754591645,,,,,,,,,connected_peers=3,,,,,
server,peer_replication_pull_request,sent,1786974206148970,178697341754591645,,,,,,,,,connected_peers=3,,,,,
server,peer_replication_pull_request,sent,1786974206148974,178697341754591645,,,,,,,,,connected_peers=3,,,,,
server,peer_replication_pull_request,sent,1786974206148978,178697341754591645,,,,,,,,,connected_peers=3,,,,,
server,peer_replication_pull_request,sent,1786974206148982,178697341754591645,,,,,,,,,connected_peers=3,,,,,
server,peer_replication_pull_request,sent,1786974206148986,178697341754591645,,,,,,,,,connected_peers=3,,,,,
server,peer_replication_pull_request,sent,1786974206148990,178697341754591645,,,,,,,,,connected_peers=3,,,,,
server,peer_replication_pull_request,sent,1786974206148995,178697341754591645,,,,,,,,,connected_peers=3,,,,,
server,peer_replication_pull_request,sent,1786974206148999,178697341754591645,,,,,,,,,connected_peers=3,,,,,
server,peer_replication_pull_request,sent,1786974206149003,178697341754591645,,,,,,,,,connected_peers=3,,,,,
server,peer_replication_pull_request,sent,1786974206149007,178697341754591645,,,,,,,,,connected_peers=3,,,,,
server,peer_replication_pull_request,sent,1786974206149012,178697341754591645,,,,,,,,,connected_peers=3,,,,,
server,peer_replication_pull_request,sent,1786974206149016,178697341754591645,,,,,,,,,connected_peers=3,,,,,
server,peer_replication_pull_request,sent,1786974206149020,178697341754591645,,,,,,,,,connected_peers=3,,,,,
server,peer_replication_pull_request,sent,1786974206149024,178697341754591645,,,,,,,,,connected_peers=3,,,,,
server,peer_replication_pull_request,sent,1786974206149037,178697341754591645,,,,,,,,,connected_peers=3,,,,,
server,peer_replication_pull_request,sent,1786974206149042,178697341754591645,,,,,,,,,connected_peers=3,,,,,
server,peer_replication_pull_request,sent,1786974206149046,178697341754591645,,,,,,,,,connected_peers=3,,,,,
server,peer_replication_pull_request,sent,1786974206149051,178697341754591645,,,,,,,,,connected_peers=3,,,,,
server,peer_replication_pull_request,sent,1786974206149055,178697341754591645,,,,,,,,,connected_peers=3,,,,,
server,peer_replication_pull_request,sent,1786974206149059,178697341754591645,,,,,,,,,connected_peers=3,,,,,
server,peer_replication_pull_request,sent,1786974206149063,178697341754591645,,,,,,,,,connected_peers=3,,,,,
server,peer_replication_pull_request,sent,1786974206149067,178697341754591645,,,,,,,,,connected_peers=3,,,,,
server,peer_replication_pull_request,sent,1786974206149071,178697341754591645,,,,,,,,,connected_peers=3,,,,,
server,peer_replication_pull_request,sent,1786974206149078,178697341754591645,,,,,,,,,connected_peers=3,,,,,
server,peer_replication_pull_request,sent,1786974206149084,178697341754591645,,,,,,,,,connected_peers=3,,,,,
server,peer_replication_pull_request,sent,1786974206149097,178697341754591645,,,,,,,,,connected_peers=3,,,,,
server,peer_replication_pull_request,sent,1786974206149101,178697341754591645,,,,,,,,,connected_peers=3,,,,,
server,peer_replication_pull_request,sent,1786974206149105,178697341754591645,,,,,,,,,connected_peers=3,,,,,
server,peer_replication_pull_request,sent,1786974206149109,178697341754591645,,,,,,,,,connected_peers=3,,,,,
server,peer_replication_pull_request,sent,1786974206149135,178697341754591645,,,,,,,,,connected_peers=3,,,,,
server,peer_replication_pull_request,sent,1786974206149140,178697341754591645,,,,,,,,,connected_peers=3,,,,,
server,peer_replication_pull_request,sent,1786974206149144,178697341754591645,,,,,,,,,connected_peers=3,,,,,
server,peer_replication_pull_request,sent,1786974206149148,178697341754591645,,,,,,,,,connected_peers=3,,,,,
server,peer_replication_pull_request,sent,1786974206149152,178697341754591645,,,,,,,,,connected_peers=3,,,,,
server,peer_replication_pull_request,sent,1786974206149156,178697341754591645,,,,,,,,,connected_peers=3,,,,,
server,peer_replication_pull_request,sent,1786974206149160,178697341754591645,,,,,,,,,connected_peers=3,,,,,
server,peer_replication_pull_request,sent,1786974206149165,178697341754591645,,,,,,,,,connected_peers=3,,,,,
server,peer_replication_pull_request,sent,1786974206149177,178697341754591645,,,,,,,,,connected_peers=3,,,,,
server,peer_replication_pull_request,sent,1786974206149182,178697341754591645,,,,,,,,,connected_peers=3,,,,,
server,peer_replication_pull_request,sent,1786974206149186,178697341754591645,,,,,,,,,connected_peers=3,,,,,
server,peer_replication_pull_request,sent,1786974206149191,178697341754591645,,,,,,,,,connected_peers=3,,,,,
server,peer_replication_pull_request,sent,1786974206149195,178697341754591645,,,,,,,,,connected_peers=3,,,,,
server,peer_replication_pull_request,sent,1786974206149199,178697341754591645,,,,,,,,,connected_peers=3,,,,,
server,peer_replication_pull_request,sent,1786974206149202,178697341754591645,,,,,,,,,connected_peers=3,,,,,
server,peer_replication_pull_request,sent,1786974206149207,178697341754591645,,,,,,,,,connected_peers=3,,,,,
server,peer_replication_pull_request,sent,1786974206149211,178697341754591645,,,,,,,,,connected_peers=3,,,,,
server,peer_replication_pull_request,sent,1786974206149215,178697341754591645,,,,,,,,,connected_peers=3,,,,,
server,peer_replication_pull_request,sent,1786974206149219,178697341754591645,,,,,,,,,connected_peers=3,,,,,
server,peer_replication_pull_request,sent,1786974206149236,178697341754591645,,,,,,,,,connected_peers=3,,,,,
server,peer_replication_pull_request,sent,1786974206149240,178697341754591645,,,,,,,,,connected_peers=3,,,,,
server,peer_replication_pull_request,sent,1786974206149244,178697341754591645,,,,,,,,,connected_peers=3,,,,,
server,peer_replication_pull_request,sent,1786974206149248,178697341754591645,,,,,,,,,connected_peers=3,,,,,
server,peer_replication_pull_request,sent,1786974206149252,178697341754591645,,,,,,,,,connected_peers=3,,,,,
server,peer_replication_pull_request,sent,1786974206149256,178697341754591645,,,,,,,,,connected_peers=3,,,,,
server,peer_replication_pull_request,sent,1786974206149260,178697341754591645,,,,,,,,,connected_peers=3,,,,,
server,peer_replication_pull_request,sent,1786974206149264,178697341754591645,,,,,,,,,connected_peers=3,,,,,
server,peer_replication_pull_request,sent,1786974206149268,178697341754591645,,,,,,,,,connected_peers=3,,,,,
server,peer_replication_pull_request,sent,1786974206149272,178697341754591645,,,,,,,,,connected_peers=3,,,,,
server,peer_replication_pull_request,sent,1786974206149277,178697341754591645,,,,,,,,,connected_peers=3,,,,,
server,peer_replication_pull_request,sent,1786974206149281,178697341754591645,,,,,,,,,connected_peers=3,,,,,
server,peer_replication_pull_request,sent,1786974206149286,178697341754591645,,,,,,,,,connected_peers=3,,,,,
server,peer_replication_pull_request,sent,1786974206149290,178697341754591645,,,,,,,,,connected_peers=3,,,,,
server,peer_replication_pull_request,sent,1786974206149294,178697341754591645,,,,,,,,,connected_peers=3,,,,,
server,peer_replication_pull_request,sent,1786974206149301,178697341754591645,,,,,,,,,connected_peers=3,,,,,
server,peer_replication_pull_request,sent,1786974206149306,178697341754591645,,,,,,,,,connected_peers=3,,,,,
server,peer_replication_pull_request,sent,1786974206149310,178697341754591645,,,,,,,,,connected_peers=3,,,,,
server,peer_replication_pull_request,sent,1786974206149318,178697341754591645,,,,,,,,,connected_peers=3,,,,,
server,peer_replication_pull_request,sent,1786974206149323,178697341754591645,,,,,,,,,connected_peers=3,,,,,
server,peer_replication_pull_request,sent,1786974206149330,178697341754591645,,,,,,,,,connected_peers=3,,,,,
server,peer_replication_pull_request,sent,1786974206149334,178697341754591645,,,,,,,,,connected_peers=3,,,,,
server,peer_replication_pull_request,sent,1786974206149338,178697341754591645,,,,,,,,,connected_peers=3,,,,,
server,peer_replication_pull_request,sent,1786974206149342,178697341754591645,,,,,,,,,connected_peers=3,,,,,
server,peer_replication_pull_request,sent,1786974206149347,178697341754591645,,,,,,,,,connected_peers=3,,,,,
server,peer_replication_pull_request,sent,1786974206149350,178697341754591645,,,,,,,,,connected_peers=3,,,,,
server,peer_replication_pull_request,sent,1786974206149354,178697341754591645,,,,,,,,,connected_peers=3,,,,,
server,peer_replication_pull_request,sent,1786974206149358,178697341754591645,,,,,,,,,connected_peers=3,,,,,
server,peer_replication_pull_request,sent,1786974206149362,178697341754591645,,,,,,,,,connected_peers=3,,,,,
server,peer_replication_pull_request,sent,1786974206149366,178697341754591645,,,,,,,,,connected_peers=3,,,,,
server,peer_replication_pull_request,sent,1786974206149371,178697341754591645,,,,,,,,,connected_peers=3,,,,,
server,peer_replication_pull_request,sent,1786974206149375,178697341754591645,,,,,,,,,connected_peers=3,,,,,
server,peer_replication_pull_request,sent,1786974206149379,178697341754591645,,,,,,,,,connected_peers=3,,,,,
server,peer_replication_pull_request,sent,1786974206149383,178697341754591645,,,,,,,,,connected_peers=3,,,,,
server,peer_replication_pull_request,sent,1786974206149387,178697341754591645,,,,,,,,,connected_peers=3,,,,,
server,peer_replication_pull_request,sent,1786974206149392,178697341754591645,,,,,,,,,connected_peers=3,,,,,
server,peer_replication_pull_request,sent,1786974206149395,178697341754591645,,,,,,,,,connected_peers=3,,,,,
server,peer_replication_pull_request,sent,1786974206149400,178697341754591645,,,,,,,,,connected_peers=3,,,,,
server,peer_replication_pull_request,sent,1786974206149404,178697341754591645,,,,,,,,,connected_peers=3,,,,,
server,peer_replication_pull_request,sent,1786974206149408,178697341754591645,,,,,,,,,connected_peers=3,,,,,
server,peer_replication_pull_request,sent,1786974206149412,178697341754591645,,,,,,,,,connected_peers=3,,,,,
server,peer_replication_pull_request,sent,1786974206149416,178697341754591645,,,,,,,,,connected_peers=3,,,,,
server,peer_replication_pull_request,sent,1786974206149420,178697341754591645,,,,,,,,,connected_peers=3,,,,,
server,peer_replication_pull_request,sent,1786974206149424,178697341754591645,,,,,,,,,connected_peers=3,,,,,
server,peer_replication_pull_request,sent,1786974206149428,178697341754591645,,,,,,,,,connected_peers=3,,,,,
server,peer_replication_pull_request,sent,1786974206149432,178697341754591645,,,,,,,,,connected_peers=3,,,,,
server,peer_replication_pull_request,sent,1786974206149436,178697341754591645,,,,,,,,,connected_peers=3,,,,,
server,peer_replication_pull_request,sent,1786974206149441,178697341754591645,,,,,,,,,connected_peers=3,,,,,
server,peer_replication_pull_request,sent,1786974206149445,178697341754591645,,,,,,,,,connected_peers=3,,,,,
server,peer_replication_pull_request,sent,1786974206149449,178697341754591645,,,,,,,,,connected_peers=3,,,,,
server,peer_replication_pull_request,sent,1786974206149453,178697341754591645,,,,,,,,,connected_peers=3,,,,,
server,peer_replication_pull_request,sent,1786974206149456,178697341754591645,,,,,,,,,connected_peers=3,,,,,
server,peer_replication_pull_request,sent,1786974206149460,178697341754591645,,,,,,,,,connected_peers=3,,,,,
server,peer_replication_pull_request,sent,1786974206149465,178697341754591645,,,,,,,,,connected_peers=3,,,,,
server,peer_replication_pull_request,sent,1786974206149470,178697341754591645,,,,,,,,,connected_peers=3,,,,,
server,peer_replication_pull_request,sent,1786974206149485,178697341754591645,,,,,,,,,connected_peers=3,,,,,
server,peer_replication_pull_request,sent,1786974206149493,178697341754591645,,,,,,,,,connected_peers=3,,,,,
server,peer_replication_pull_request,sent,1786974206149498,178697341754591645,,,,,,,,,connected_peers=3,,,,,
server,peer_replication_pull_request,sent,1786974206149502,178697341754591645,,,,,,,,,connected_peers=3,,,,,
server,peer_replication_pull_request,sent,1786974206149506,178697341754591645,,,,,,,,,connected_peers=3,,,,,
server,peer_replication_pull_request,sent,1786974206149513,178697341754591645,,,,,,,,,connected_peers=3,,,,,
server,peer_replication_pull_request,sent,1786974206149517,178697341754591645,,,,,,,,,connected_peers=3,,,,,
server,peer_replication_pull_request,sent,1786974206149522,178697341754591645,,,,,,,,,connected_peers=3,,,,,
server,peer_replication_pull_request,sent,1786974206149526,178697341754591645,,,,,,,,,connected_peers=3,,,,,
server,peer_replication_pull_request,sent,1786974206149535,178697341754591645,,,,,,,,,connected_peers=3,,,,,
server,peer_replication_pull_request,sent,1786974206149540,178697341754591645,,,,,,,,,connected_peers=3,,,,,
server,peer_replication_pull_request,sent,1786974206149544,178697341754591645,,,,,,,,,connected_peers=3,,,,,
server,peer_replication_pull_request,sent,1786974206149548,178697341754591645,,,,,,,,,connected_peers=3,,,,,
server,peer_replication_pull_request,sent,1786974206149553,178697341754591645,,,,,,,,,connected_peers=3,,,,,
server,peer_replication_pull_request,sent,1786974206149559,178697341754591645,,,,,,,,,connected_peers=3,,,,,
server,peer_replication_pull_request,sent,1786974206149564,178697341754591645,,,,,,,,,connected_peers=3,,,,,
server,peer_replication_pull_request,sent,1786974206149568,178697341754591645,,,,,,,,,connected_peers=3,,,,,
server,peer_replication_pull_request,sent,1786974206149572,178697341754591645,,,,,,,,,connected_peers=3,,,,,
server,peer_replication_pull_request,sent,1786974206149586,178697341754591645,,,,,,,,,connected_peers=3,,,,,
server,peer_replication_pull_request,sent,1786974206149591,178697341754591645,,,,,,,,,connected_peers=3,,,,,
server,peer_replication_pull_request,sent,1786974206149595,178697341754591645,,,,,,,,,connected_peers=3,,,,,
server,peer_replication_pull_request,sent,1786974206149598,178697341754591645,,,,,,,,,connected_peers=3,,,,,
server,peer_replication_pull_request,sent,1786974206149602,178697341754591645,,,,,,,,,connected_peers=3,,,,,
server,peer_replication_pull_request,sent,1786974206149606,178697341754591645,,,,,,,,,connected_peers=3,,,,,
server,peer_replication_pull_request,sent,1786974206149610,178697341754591645,,,,,,,,,connected_peers=3,,,,,
server,peer_replication_pull_request,sent,1786974206149615,178697341754591645,,,,,,,,,connected_peers=3,,,,,
server,peer_replication_pull_request,sent,1786974206149619,178697341754591645,,,,,,,,,connected_peers=3,,,,,
server,peer_replication_pull_request,sent,1786974206149622,178697341754591645,,,,,,,,,connected_peers=3,,,,,
server,peer_replication_pull_request,sent,1786974206149627,178697341754591645,,,,,,,,,connected_peers=3,,,,,
server,peer_replication_pull_request,sent,1786974206149631,178697341754591645,,,,,,,,,connected_peers=3,,,,,
server,peer_replication_pull_request,sent,1786974206149636,178697341754591645,,,,,,,,,connected_peers=3,,,,,
server,peer_replication_pull_request,sent,1786974206149640,178697341754591645,,,,,,,,,connected_peers=3,,,,,
server,peer_replication_pull_request,sent,1786974206149644,178697341754591645,,,,,,,,,connected_peers=3,,,,,
server,peer_replication_pull_request,sent,1786974206149648,178697341754591645,,,,,,,,,connected_peers=3,,,,,
server,peer_replication_pull_request,sent,1786974206149652,178697341754591645,,,,,,,,,connected_peers=3,,,,,
server,peer_replication_pull_request,sent,1786974206149656,178697341754591645,,,,,,,,,connected_peers=3,,,,,
server,peer_replication_pull_request,sent,1786974206149671,178697341754591645,,,,,,,,,connected_peers=3,,,,,
server,peer_replication_pull_request,sent,1786974206149675,178697341754591645,,,,,,,,,connected_peers=3,,,,,
server,peer_replication_pull_request,sent,1786974206149687,178697341754591645,,,,,,,,,connected_peers=3,,,,,
server,peer_replication_pull_request,sent,1786974206149691,178697341754591645,,,,,,,,,connected_peers=3,,,,,
server,peer_replication_pull_request,sent,1786974206149695,178697341754591645,,,,,,,,,connected_peers=3,,,,,
server,peer_replication_pull_request,sent,1786974206149699,178697341754591645,,,,,,,,,connected_peers=3,,,,,
server,peer_replication_pull_request,sent,1786974206149703,178697341754591645,,,,,,,,,connected_peers=3,,,,,
server,peer_replication_pull_request,sent,1786974206149706,178697341754591645,,,,,,,,,connected_peers=3,,,,,
server,peer_replication_pull_request,sent,1786974206149710,178697341754591645,,,,,,,,,connected_peers=3,,,,,
server,peer_replication_pull_request,sent,1786974206149714,178697341754591645,,,,,,,,,connected_peers=3,,,,,
server,peer_replication_pull_request,sent,1786974206149718,178697341754591645,,,,,,,,,connected_peers=3,,,,,
server,peer_replication_pull_request,sent,1786974206149722,178697341754591645,,,,,,,,,connected_peers=3,,,,,
server,peer_replication_pull_request,sent,1786974206149726,178697341754591645,,,,,,,,,connected_peers=3,,,,,
server,peer_replication_pull_request,sent,1786974206149730,178697341754591645,,,,,,,,,connected_peers=3,,,,,
server,peer_replication_pull_request,sent,1786974206149734,178697341754591645,,,,,,,,,connected_peers=3,,,,,
server,peer_replication_pull_request,sent,1786974206149739,178697341754591645,,,,,,,,,connected_peers=3,,,,,
server,peer_replication_pull_request,sent,1786974206149742,178697341754591645,,,,,,,,,connected_peers=3,,,,,
server,peer_replication_pull_request,sent,1786974206149746,178697341754591645,,,,,,,,,connected_peers=3,,,,,
server,peer_replication_pull_request,sent,1786974206149751,178697341754591645,,,,,,,,,connected_peers=3,,,,,
server,peer_replication_pull_request,sent,1786974206149755,178697341754591645,,,,,,,,,connected_peers=3,,,,,
server,peer_replication_pull_request,sent,1786974206149759,178697341754591645,,,,,,,,,connected_peers=3,,,,,
server,peer_replication_pull_request,sent,1786974206149763,178697341754591645,,,,,,,,,connected_peers=3,,,,,
server,peer_replication_pull_request,sent,1786974206149767,178697341754591645,,,,,,,,,connected_peers=3,,,,,
server,peer_replication_pull_request,sent,1786974206149771,178697341754591645,,,,,,,,,connected_peers=3,,,,,
server,peer_replication_pull_request,sent,1786974206149776,178697341754591645,,,,,,,,,connected_peers=3,,,,,
server,peer_replication_pull_request,sent,1786974206149780,178697341754591645,,,,,,,,,connected_peers=3,,,,,
server,peer_replication_pull_request,sent,1786974206149785,178697341754591645,,,,,,,,,connected_peers=3,,,,,
server,peer_replication_pull_request,sent,1786974206149789,178697341754591645,,,,,,,,,connected_peers=3,,,,,
server,peer_replication_pull_request,sent,1786974206149793,178697341754591645,,,,,,,,,connected_peers=3,,,,,
server,peer_replication_pull_request,sent,1786974206149798,178697341754591645,,,,,,,,,connected_peers=3,,,,,
server,peer_replication_pull_request,sent,1786974206149802,178697341754591645,,,,,,,,,connected_peers=3,,,,,
server,peer_replication_pull_request,sent,1786974206149806,178697341754591645,,,,,,,,,connected_peers=3,,,,,
server,peer_replication_pull_request,sent,1786974206149811,178697341754591645,,,,,,,,,connected_peers=3,,,,,
server,peer_replication_pull_request,sent,1786974206149817,178697341754591645,,,,,,,,,connected_peers=3,,,,,
server,peer_replication_pull_request,sent,1786974206149821,178697341754591645,,,,,,,,,connected_peers=3,,,,,
server,peer_replication_pull_request,sent,1786974206149826,178697341754591645,,,,,,,,,connected_peers=3,,,,,
server,peer_replication_pull_request,sent,1786974206149830,178697341754591645,,,,,,,,,connected_peers=3,,,,,
server,peer_replication_pull_request,sent,1786974206149834,178697341754591645,,,,,,,,,connected_peers=3,,,,,
server,peer_replication_pull_request,sent,1786974206149839,178697341754591645,,,,,,,,,connected_peers=3,,,,,
server,peer_replication_pull_request,sent,1786974206149843,178697341754591645,,,,,,,,,connected_peers=3,,,,,
server,peer_replication_pull_request,sent,1786974206149851,178697341754591645,,,,,,,,,connected_peers=3,,,,,
server,peer_replication_pull_request,sent,1786974206149858,178697341754591645,,,,,,,,,connected_peers=3,,,,,
server,peer_replication_pull_request,sent,1786974206149862,178697341754591645,,,,,,,,,connected_peers=3,,,,,
server,peer_replication_pull_request,sent,1786974206149866,178697341754591645,,,,,,,,,connected_peers=3,,,,,
server,peer_replication_pull_request,sent,1786974206149869,178697341754591645,,,,,,,,,connected_peers=3,,,,,
server,peer_replication_pull_request,sent,1786974206149873,178697341754591645,,,,,,,,,connected_peers=3,,,,,
server,peer_replication_pull_request,sent,1786974206149877,178697341754591645,,,,,,,,,connected_peers=3,,,,,
server,peer_replication_pull_request,sent,1786974206149881,178697341754591645,,,,,,,,,connected_peers=3,,,,,
server,peer_replication_pull_request,sent,1786974206149885,178697341754591645,,,,,,,,,connected_peers=3,,,,,
server,peer_replication_pull_request,sent,1786974206149895,178697341754591645,,,,,,,,,connected_peers=3,,,,,
server,peer_replication_pull_request,sent,1786974206149900,178697341754591645,,,,,,,,,connected_peers=3,,,,,
server,peer_replication_pull_request,sent,1786974206149904,178697341754591645,,,,,,,,,connected_peers=3,,,,,
server,peer_replication_pull_request,sent,1786974206149910,178697341754591645,,,,,,,,,connected_peers=3,,,,,
server,peer_replication_pull_request,sent,1786974206149914,178697341754591645,,,,,,,,,connected_peers=3,,,,,
server,peer_replication_pull_request,sent,1786974206149921,178697341754591645,,,,,,,,,connected_peers=3,,,,,
server,peer_replication_pull_request,sent,1786974206149925,178697341754591645,,,,,,,,,connected_peers=3,,,,,
server,peer_replication_pull_request,sent,1786974206149929,178697341754591645,,,,,,,,,connected_peers=3,,,,,
server,peer_replication_pull_request,sent,1786974206149934,178697341754591645,,,,,,,,,connected_peers=3,,,,,
server,peer_replication_pull_request,sent,1786974206149938,178697341754591645,,,,,,,,,connected_peers=3,,,,,
server,peer_replication_pull_request,sent,1786974206149941,178697341754591645,,,,,,,,,connected_peers=3,,,,,
server,peer_replication_pull_request,sent,1786974206149946,178697341754591645,,,,,,,,,connected_peers=3,,,,,
server,peer_replication_pull_request,sent,1786974206149951,178697341754591645,,,,,,,,,connected_peers=3,,,,,
server,peer_replication_pull_request,sent,1786974206149955,178697341754591645,,,,,,,,,connected_peers=3,,,,,
server,peer_replication_pull_request,sent,1786974206149959,178697341754591645,,,,,,,,,connected_peers=3,,,,,
server,peer_replication_pull_request,sent,1786974206149963,178697341754591645,,,,,,,,,connected_peers=3,,,,,
server,peer_replication_pull_request,sent,1786974206149968,178697341754591645,,,,,,,,,connected_peers=3,,,,,
server,peer_replication_pull_request,sent,1786974206149973,178697341754591645,,,,,,,,,connected_peers=3,,,,,
server,peer_replication_pull_request,sent,1786974206149979,178697341754591645,,,,,,,,,connected_peers=3,,,,,
server,peer_replication_pull_request,sent,1786974206149983,178697341754591645,,,,,,,,,connected_peers=3,,,,,
server,peer_replication_pull_request,sent,1786974206149987,178697341754591645,,,,,,,,,connected_peers=3,,,,,
server,peer_replication_pull_request,sent,1786974206149991,178697341754591645,,,,,,,,,connected_peers=3,,,,,
server,peer_replication_pull_request,sent,1786974206149994,178697341754591645,,,,,,,,,connected_peers=3,,,,,
server,peer_replication_pull_request,sent,1786974206149998,178697341754591645,,,,,,,,,connected_peers=3,,,,,
server,peer_replication_pull_request,sent,1786974206150002,178697341754591645,,,,,,,,,connected_peers=3,,,,,
server,peer_replication_pull_request,sent,1786974206150006,178697341754591645,,,,,,,,,connected_peers=3,,,,,
server,peer_replication_pull_request,sent,1786974206150010,178697341754591645,,,,,,,,,connected_peers=3,,,,,
server,peer_replication_pull_request,sent,1786974206150014,178697341754591645,,,,,,,,,connected_peers=3,,,,,
server,peer_replication_pull_request,sent,1786974206150023,178697341754591645,,,,,,,,,connected_peers=3,,,,,
server,peer_replication_pull_request,sent,1786974206150027,178697341754591645,,,,,,,,,connected_peers=3,,,,,
server,peer_replication_pull_request,sent,1786974206150031,178697341754591645,,,,,,,,,connected_peers=3,,,,,
server,peer_replication_pull_request,sent,1786974206150035,178697341754591645,,,,,,,,,connected_peers=3,,,,,
server,peer_replication_pull_request,sent,1786974206150039,178697341754591645,,,,,,,,,connected_peers=3,,,,,
server,peer_replication_pull_request,sent,1786974206150043,178697341754591645,,,,,,,,,connected_peers=3,,,,,
server,peer_replication_pull_request,sent,1786974206150047,178697341754591645,,,,,,,,,connected_peers=3,,,,,
server,peer_replication_pull_request,sent,1786974206150051,178697341754591645,,,,,,,,,connected_peers=3,,,,,
server,peer_replication_pull_request,sent,1786974206150056,178697341754591645,,,,,,,,,connected_peers=3,,,,,
server,peer_replication_pull_request,sent,1786974206150059,178697341754591645,,,,,,,,,connected_peers=3,,,,,
server,peer_replication_pull_request,sent,1786974206150063,178697341754591645,,,,,,,,,connected_peers=3,,,,,
server,peer_replication_pull_request,sent,1786974206150067,178697341754591645,,,,,,,,,connected_peers=3,,,,,
server,peer_replication_pull_request,sent,1786974206150072,178697341754591645,,,,,,,,,connected_peers=3,,,,,
server,peer_replication_pull_request,sent,1786974206150080,178697341754591645,,,,,,,,,connected_peers=3,,,,,
server,peer_replication_pull_request,sent,1786974206150085,178697341754591645,,,,,,,,,connected_peers=3,,,,,
server,peer_replication_pull_request,sent,1786974206150091,178697341754591645,,,,,,,,,connected_peers=3,,,,,
server,peer_replication_pull_request,sent,1786974206150095,178697341754591645,,,,,,,,,connected_peers=3,,,,,
server,peer_replication_pull_request,sent,1786974206150102,178697341754591645,,,,,,,,,connected_peers=3,,,,,
server,peer_replication_pull_request,sent,1786974206150107,178697341754591645,,,,,,,,,connected_peers=3,,,,,
server,peer_replication_pull_request,sent,1786974206150111,178697341754591645,,,,,,,,,connected_peers=3,,,,,
server,peer_replication_pull_request,sent,1786974206150115,178697341754591645,,,,,,,,,connected_peers=3,,,,,
server,peer_replication_pull_request,sent,1786974206150121,178697341754591645,,,,,,,,,connected_peers=3,,,,,
server,peer_replication_pull_request,sent,1786974206150126,178697341754591645,,,,,,,,,connected_peers=3,,,,,
server,peer_replication_pull_request,sent,1786974206150130,178697341754591645,,,,,,,,,connected_peers=3,,,,,
server,peer_replication_pull_request,sent,1786974206150134,178697341754591645,,,,,,,,,connected_peers=3,,,,,
server,peer_replication_pull_request,sent,1786974206150138,178697341754591645,,,,,,,,,connected_peers=3,,,,,
server,peer_replication_pull_request,sent,1786974206150145,178697341754591645,,,,,,,,,connected_peers=3,,,,,
server,peer_replication_pull_request,sent,1786974206150149,178697341754591645,,,,,,,,,connected_peers=3,,,,,
server,peer_replication_pull_request,sent,1786974206150153,178697341754591645,,,,,,,,,connected_peers=3,,,,,
server,peer_replication_pull_request,sent,1786974206150157,178697341754591645,,,,,,,,,connected_peers=3,,,,,
server,peer_replication_pull_request,sent,1786974206150161,178697341754591645,,,,,,,,,connected_peers=3,,,,,
server,peer_replication_pull_request,sent,1786974206150165,178697341754591645,,,,,,,,,connected_peers=3,,,,,
server,peer_replication_pull_request,sent,1786974206150169,178697341754591645,,,,,,,,,connected_peers=3,,,,,
server,peer_replication_pull_request,sent,1786974206150173,178697341754591645,,,,,,,,,connected_peers=3,,,,,
server,peer_replication_pull_request,sent,1786974206150178,178697341754591645,,,,,,,,,connected_peers=3,,,,,
server,peer_replication_pull_request,sent,1786974206150182,178697341754591645,,,,,,,,,connected_peers=3,,,,,
server,peer_replication_pull_request,sent,1786974206150185,178697341754591645,,,,,,,,,connected_peers=3,,,,,
server,peer_replication_pull_request,sent,1786974206150189,178697341754591645,,,,,,,,,connected_peers=3,,,,,
server,peer_replication_pull_request,sent,1786974206150198,178697341754591645,,,,,,,,,connected_peers=3,,,,,
server,peer_replication_pull_request,sent,1786974206150202,178697341754591645,,,,,,,,,connected_peers=3,,,,,
server,peer_replication_pull_request,sent,1786974206150206,178697341754591645,,,,,,,,,connected_peers=3,,,,,
server,peer_replication_pull_request,sent,1786974206150213,178697341754591645,,,,,,,,,connected_peers=3,,,,,
server,peer_replication_pull_request,sent,1786974206150217,178697341754591645,,,,,,,,,connected_peers=3,,,,,
server,peer_replication_pull_request,sent,1786974206150221,178697341754591645,,,,,,,,,connected_peers=3,,,,,
server,peer_replication_pull_request,sent,1786974206150225,178697341754591645,,,,,,,,,connected_peers=3,,,,,
server,peer_replication_pull_request,sent,1786974206150229,178697341754591645,,,,,,,,,connected_peers=3,,,,,
server,peer_replication_pull_request,sent,1786974206150233,178697341754591645,,,,,,,,,connected_peers=3,,,,,
server,peer_replication_pull_request,sent,1786974206150237,178697341754591645,,,,,,,,,connected_peers=3,,,,,
server,peer_replication_pull_request,sent,1786974206150241,178697341754591645,,,,,,,,,connected_peers=3,,,,,
server,peer_replication_pull_request,sent,1786974206150259,178697341754591645,,,,,,,,,connected_peers=3,,,,,
server,peer_replication_pull_request,sent,1786974206150264,178697341754591645,,,,,,,,,connected_peers=3,,,,,
server,peer_replication_pull_request,sent,1786974206150268,178697341754591645,,,,,,,,,connected_peers=3,,,,,
server,peer_replication_pull_request,sent,1786974206150272,178697341754591645,,,,,,,,,connected_peers=3,,,,,
server,peer_replication_pull_request,sent,1786974206150276,178697341754591645,,,,,,,,,connected_peers=3,,,,,
server,peer_replication_pull_request,sent,1786974206150281,178697341754591645,,,,,,,,,connected_peers=3,,,,,
server,peer_replication_pull_request,sent,1786974206150286,178697341754591645,,,,,,,,,connected_peers=3,,,,,
server,peer_replication_pull_request,sent,1786974206150290,178697341754591645,,,,,,,,,connected_peers=3,,,,,
server,peer_replication_pull_request,sent,1786974206150295,178697341754591645,,,,,,,,,connected_peers=3,,,,,
server,peer_replication_pull_request,sent,1786974206150299,178697341754591645,,,,,,,,,connected_peers=3,,,,,
server,peer_replication_pull_request,sent,1786974206150308,178697341754591645,,,,,,,,,connected_peers=3,,,,,
server,peer_replication_pull_request,sent,1786974206150313,178697341754591645,,,,,,,,,connected_peers=3,,,,,
server,peer_replication_pull_request,sent,1786974206150317,178697341754591645,,,,,,,,,connected_peers=3,,,,,
server,peer_replication_pull_request,sent,1786974206150321,178697341754591645,,,,,,,,,connected_peers=3,,,,,
server,peer_replication_pull_request,sent,1786974206150326,178697341754591645,,,,,,,,,connected_peers=3,,,,,
server,peer_replication_pull_request,sent,1786974206150332,178697341754591645,,,,,,,,,connected_peers=3,,,,,
server,peer_replication_pull_request,sent,1786974206150337,178697341754591645,,,,,,,,,connected_peers=3,,,,,
server,peer_replication_pull_request,sent,1786974206150340,178697341754591645,,,,,,,,,connected_peers=3,,,,,
server,peer_replication_pull_request,sent,1786974206150343,178697341754591645,,,,,,,,,connected_peers=3,,,,,
server,peer_replication_pull_request,sent,1786974206150348,178697341754591645,,,,,,,,,connected_peers=3,,,,,
server,peer_replication_pull_request,sent,1786974206150352,178697341754591645,,,,,,,,,connected_peers=3,,,,,
server,peer_replication_pull_request,sent,1786974206150356,178697341754591645,,,,,,,,,connected_peers=3,,,,,
server,peer_replication_pull_request,sent,1786974206150360,178697341754591645,,,,,,,,,connected_peers=3,,,,,
server,peer_replication_pull_request,sent,1786974206150364,178697341754591645,,,,,,,,,connected_peers=3,,,,,
server,peer_replication_pull_request,sent,1786974206150369,178697341754591645,,,,,,,,,connected_peers=3,,,,,
server,peer_replication_pull_request,sent,1786974206150372,178697341754591645,,,,,,,,,connected_peers=3,,,,,
server,peer_replication_pull_request,sent,1786974206150376,178697341754591645,,,,,,,,,connected_peers=3,,,,,
server,peer_replication_pull_request,sent,1786974206150388,178697341754591645,,,,,,,,,connected_peers=3,,,,,
server,peer_replication_pull_request,sent,1786974206150393,178697341754591645,,,,,,,,,connected_peers=3,,,,,
server,peer_replication_pull_request,sent,1786974206150397,178697341754591645,,,,,,,,,connected_peers=3,,,,,
server,peer_replication_pull_request,sent,1786974206150402,178697341754591645,,,,,,,,,connected_peers=3,,,,,
server,peer_replication_pull_request,sent,1786974206150406,178697341754591645,,,,,,,,,connected_peers=3,,,,,
server,peer_replication_pull_request,sent,1786974206150411,178697341754591645,,,,,,,,,connected_peers=3,,,,,
server,peer_replication_pull_request,sent,1786974206150418,178697341754591645,,,,,,,,,connected_peers=3,,,,,
server,peer_replication_pull_request,sent,1786974206150422,178697341754591645,,,,,,,,,connected_peers=3,,,,,
server,peer_replication_pull_request,sent,1786974206150426,178697341754591645,,,,,,,,,connected_peers=3,,,,,
server,peer_replication_pull_request,sent,1786974206150431,178697341754591645,,,,,,,,,connected_peers=3,,,,,
server,peer_replication_pull_request,sent,1786974206150435,178697341754591645,,,,,,,,,connected_peers=3,,,,,
server,peer_replication_pull_request,sent,1786974206150439,178697341754591645,,,,,,,,,connected_peers=3,,,,,
server,peer_replication_pull_request,sent,1786974206150446,178697341754591645,,,,,,,,,connected_peers=3,,,,,
server,peer_replication_pull_request,sent,1786974206150450,178697341754591645,,,,,,,,,connected_peers=3,,,,,
server,peer_replication_pull_request,sent,1786974206150454,178697341754591645,,,,,,,,,connected_peers=3,,,,,
server,peer_replication_pull_request,sent,1786974206150458,178697341754591645,,,,,,,,,connected_peers=3,,,,,
server,peer_replication_pull_request,sent,1786974206150462,178697341754591645,,,,,,,,,connected_peers=3,,,,,
server,peer_replication_pull_request,sent,1786974206150466,178697341754591645,,,,,,,,,connected_peers=3,,,,,
server,peer_replication_pull_request,sent,1786974206150470,178697341754591645,,,,,,,,,connected_peers=3,,,,,
server,peer_replication_pull_request,sent,1786974206150474,178697341754591645,,,,,,,,,connected_peers=3,,,,,
server,peer_replication_pull_request,sent,1786974206150478,178697341754591645,,,,,,,,,connected_peers=3,,,,,
server,peer_replication_pull_request,sent,1786974206150482,178697341754591645,,,,,,,,,connected_peers=3,,,,,
server,peer_replication_pull_request,sent,1786974206150486,178697341754591645,,,,,,,,,connected_peers=3,,,,,
server,peer_replication_pull_request,sent,1786974206150490,178697341754591645,,,,,,,,,connected_peers=3,,,,,
server,peer_replication_pull_request,sent,1786974206150494,178697341754591645,,,,,,,,,connected_peers=3,,,,,
server,peer_replication_pull_request,sent,1786974206150498,178697341754591645,,,,,,,,,connected_peers=3,,,,,
server,peer_replication_pull_request,sent,1786974206150502,178697341754591645,,,,,,,,,connected_peers=3,,,,,
server,peer_replication_pull_request,sent,1786974206150506,178697341754591645,,,,,,,,,connected_peers=3,,,,,
server,peer_replication_pull_request,sent,1786974206150511,178697341754591645,,,,,,,,,connected_peers=3,,,,,
server,peer_replication_pull_request,sent,1786974206150516,178697341754591645,,,,,,,,,connected_peers=3,,,,,
server,peer_replication_pull_request,sent,1786974206150520,178697341754591645,,,,,,,,,connected_peers=3,,,,,
server,peer_replication_pull_request,sent,1786974206150534,178697341754591645,,,,,,,,,connected_peers=3,,,,,
server,peer_replication_pull_request,sent,1786974206150539,178697341754591645,,,,,,,,,connected_peers=3,,,,,
server,peer_replication_pull_request,sent,1786974206150542,178697341754591645,,,,,,,,,connected_peers=3,,,,,
server,peer_replication_pull_request,sent,1786974206150548,178697341754591645,,,,,,,,,connected_peers=3,,,,,
server,peer_replication_pull_request,sent,1786974206150552,178697341754591645,,,,,,,,,connected_peers=3,,,,,
server,peer_replication_pull_request,sent,1786974206150556,178697341754591645,,,,,,,,,connected_peers=3,,,,,
server,peer_replication_pull_request,sent,1786974206150565,178697341754591645,,,,,,,,,connected_peers=3,,,,,
server,peer_replication_pull_request,sent,1786974206150570,178697341754591645,,,,,,,,,connected_peers=3,,,,,
server,peer_replication_pull_request,sent,1786974206150574,178697341754591645,,,,,,,,,connected_peers=3,,,,,
server,peer_replication_pull_request,sent,1786974206150580,178697341754591645,,,,,,,,,connected_peers=3,,,,,
server,peer_replication_pull_request,sent,1786974206150585,178697341754591645,,,,,,,,,connected_peers=3,,,,,
server,peer_replication_pull_request,sent,1786974206150590,178697341754591645,,,,,,,,,connected_peers=3,,,,,
server,peer_replication_pull_request,sent,1786974206150594,178697341754591645,,,,,,,,,connected_peers=3,,,,,
server,peer_replication_pull_request,sent,1786974206150601,178697341754591645,,,,,,,,,connected_peers=3,,,,,
server,peer_replication_pull_request,sent,1786974206150606,178697341754591645,,,,,,,,,connected_peers=3,,,,,
server,peer_replication_pull_request,sent,1786974206150610,178697341754591645,,,,,,,,,connected_peers=3,,,,,
server,peer_replication_pull_request,sent,1786974206150614,178697341754591645,,,,,,,,,connected_peers=3,,,,,
server,peer_replication_pull_request,sent,1786974206150618,178697341754591645,,,,,,,,,connected_peers=3,,,,,
server,peer_replication_pull_request,sent,1786974206150625,178697341754591645,,,,,,,,,connected_peers=3,,,,,
server,peer_replication_pull_request,sent,1786974206150629,178697341754591645,,,,,,,,,connected_peers=3,,,,,
server,peer_replication_pull_request,sent,1786974206150633,178697341754591645,,,,,,,,,connected_peers=3,,,,,
server,peer_replication_pull_request,sent,1786974206150637,178697341754591645,,,,,,,,,connected_peers=3,,,,,
server,peer_replication_pull_request,sent,1786974206150641,178697341754591645,,,,,,,,,connected_peers=3,,,,,
server,peer_replication_pull_request,sent,1786974206150648,178697341754591645,,,,,,,,,connected_peers=3,,,,,
server,peer_replication_pull_request,sent,1786974206150652,178697341754591645,,,,,,,,,connected_peers=3,,,,,
server,peer_replication_pull_request,sent,1786974206150656,178697341754591645,,,,,,,,,connected_peers=3,,,,,
server,peer_replication_pull_request,sent,1786974206150660,178697341754591645,,,,,,,,,connected_peers=3,,,,,
server,peer_replication_pull_request,sent,1786974206150664,178697341754591645,,,,,,,,,connected_peers=3,,,,,
server,peer_replication_pull_request,sent,1786974206150669,178697341754591645,,,,,,,,,connected_peers=3,,,,,
server,peer_replication_pull_request,sent,1786974206150674,178697341754591645,,,,,,,,,connected_peers=3,,,,,
server,peer_replication_pull_request,sent,1786974206150679,178697341754591645,,,,,,,,,connected_peers=3,,,,,
server,peer_replication_pull_request,sent,1786974206150685,178697341754591645,,,,,,,,,connected_peers=3,,,,,
server,peer_replication_pull_request,sent,1786974206150689,178697341754591645,,,,,,,,,connected_peers=3,,,,,
server,peer_replication_pull_request,sent,1786974206150693,178697341754591645,,,,,,,,,connected_peers=3,,,,,
server,peer_replication_pull_request,sent,1786974206150698,178697341754591645,,,,,,,,,connected_peers=3,,,,,
server,peer_replication_pull_request,sent,1786974206150702,178697341754591645,,,,,,,,,connected_peers=3,,,,,
server,peer_replication_pull_request,sent,1786974206150706,178697341754591645,,,,,,,,,connected_peers=3,,,,,
server,peer_replication_pull_request,sent,1786974206150710,178697341754591645,,,,,,,,,connected_peers=3,,,,,
server,peer_replication_pull_request,sent,1786974206150714,178697341754591645,,,,,,,,,connected_peers=3,,,,,
server,peer_replication_pull_request,sent,1786974206150718,178697341754591645,,,,,,,,,connected_peers=3,,,,,
server,peer_replication_pull_request,sent,1786974206150723,178697341754591645,,,,,,,,,connected_peers=3,,,,,
server,peer_replication_pull_request,sent,1786974206150726,178697341754591645,,,,,,,,,connected_peers=3,,,,,
server,peer_replication_pull_request,sent,1786974206150730,178697341754591645,,,,,,,,,connected_peers=3,,,,,
server,peer_replication_pull_request,sent,1786974206150734,178697341754591645,,,,,,,,,connected_peers=3,,,,,
server,peer_replication_pull_request,sent,1786974206150753,178697341754591645,,,,,,,,,connected_peers=3,,,,,
server,peer_replication_pull_request,sent,1786974206150757,178697341754591645,,,,,,,,,connected_peers=3,,,,,
server,peer_replication_pull_request,sent,1786974206150761,178697341754591645,,,,,,,,,connected_peers=3,,,,,
server,peer_replication_pull_request,sent,1786974206150765,178697341754591645,,,,,,,,,connected_peers=3,,,,,
server,peer_replication_pull_request,sent,1786974206150769,178697341754591645,,,,,,,,,connected_peers=3,,,,,
server,peer_replication_pull_request,sent,1786974206150773,178697341754591645,,,,,,,,,connected_peers=3,,,,,
server,peer_replication_pull_request,sent,1786974206150777,178697341754591645,,,,,,,,,connected_peers=3,,,,,
server,peer_replication_pull_request,sent,1786974206150781,178697341754591645,,,,,,,,,connected_peers=3,,,,,
server,peer_replication_pull_request,sent,1786974206150785,178697341754591645,,,,,,,,,connected_peers=3,,,,,
server,peer_replication_pull_request,sent,1786974206150789,178697341754591645,,,,,,,,,connected_peers=3,,,,,
server,peer_replication_pull_request,sent,1786974206150793,178697341754591645,,,,,,,,,connected_peers=3,,,,,
server,peer_replication_pull_request,sent,1786974206150798,178697341754591645,,,,,,,,,connected_peers=3,,,,,
server,peer_replication_pull_request,sent,1786974206150802,178697341754591645,,,,,,,,,connected_peers=3,,,,,
server,peer_replication_pull_request,sent,1786974206150806,178697341754591645,,,,,,,,,connected_peers=3,,,,,
server,peer_replication_pull_request,sent,1786974206150810,178697341754591645,,,,,,,,,connected_peers=3,,,,,
server,peer_replication_pull_request,sent,1786974206150814,178697341754591645,,,,,,,,,connected_peers=3,,,,,
server,peer_replication_pull_request,sent,1786974206150819,178697341754591645,,,,,,,,,connected_peers=3,,,,,
server,peer_replication_pull_request,sent,1786974206150823,178697341754591645,,,,,,,,,connected_peers=3,,,,,
server,peer_replication_pull_request,sent,1786974206150827,178697341754591645,,,,,,,,,connected_peers=3,,,,,
server,peer_replication_pull_request,sent,1786974206150830,178697341754591645,,,,,,,,,connected_peers=3,,,,,
server,peer_replication_pull_request,sent,1786974206150835,178697341754591645,,,,,,,,,connected_peers=3,,,,,
server,peer_replication_pull_request,sent,1786974206150839,178697341754591645,,,,,,,,,connected_peers=3,,,,,
server,peer_replication_pull_request,sent,1786974206150843,178697341754591645,,,,,,,,,connected_peers=3,,,,,
server,peer_replication_pull_request,sent,1786974206150847,178697341754591645,,,,,,,,,connected_peers=3,,,,,
server,peer_replication_pull_request,sent,1786974206150854,178697341754591645,,,,,,,,,connected_peers=3,,,,,
server,peer_replication_pull_request,sent,1786974206150858,178697341754591645,,,,,,,,,connected_peers=3,,,,,
server,peer_replication_pull_request,sent,1786974206150862,178697341754591645,,,,,,,,,connected_peers=3,,,,,
server,peer_replication_pull_request,sent,1786974206150866,178697341754591645,,,,,,,,,connected_peers=3,,,,,
server,peer_replication_pull_request,sent,1786974206150870,178697341754591645,,,,,,,,,connected_peers=3,,,,,
server,peer_replication_pull_request,sent,1786974206150875,178697341754591645,,,,,,,,,connected_peers=3,,,,,
server,peer_replication_pull_request,sent,1786974206150881,178697341754591645,,,,,,,,,connected_peers=3,,,,,
server,peer_replication_pull_request,sent,1786974206150886,178697341754591645,,,,,,,,,connected_peers=3,,,,,
server,peer_replication_pull_request,sent,1786974206150889,178697341754591645,,,,,,,,,connected_peers=3,,,,,
server,peer_replication_pull_request,sent,1786974206150894,178697341754591645,,,,,,,,,connected_peers=3,,,,,
server,peer_replication_pull_request,sent,1786974206150898,178697341754591645,,,,,,,,,connected_peers=3,,,,,
server,peer_replication_pull_request,sent,1786974206150902,178697341754591645,,,,,,,,,connected_peers=3,,,,,
server,peer_replication_pull_request,sent,1786974206150906,178697341754591645,,,,,,,,,connected_peers=3,,,,,
server,peer_replication_pull_request,sent,1786974206150916,178697341754591645,,,,,,,,,connected_peers=3,,,,,
server,peer_replication_pull_request,sent,1786974206150921,178697341754591645,,,,,,,,,connected_peers=3,,,,,
server,peer_replication_pull_request,sent,1786974206150925,178697341754591645,,,,,,,,,connected_peers=3,,,,,
server,peer_replication_pull_request,sent,1786974206150929,178697341754591645,,,,,,,,,connected_peers=3,,,,,
server,peer_replication_pull_request,sent,1786974206150936,178697341754591645,,,,,,,,,connected_peers=3,,,,,
server,peer_replication_pull_request,sent,1786974206150940,178697341754591645,,,,,,,,,connected_peers=3,,,,,
server,peer_replication_pull_request,sent,1786974206150944,178697341754591645,,,,,,,,,connected_peers=3,,,,,
server,peer_replication_pull_request,sent,1786974206150949,178697341754591645,,,,,,,,,connected_peers=3,,,,,
server,peer_replication_pull_request,sent,1786974206150953,178697341754591645,,,,,,,,,connected_peers=3,,,,,
server,peer_replication_pull_request,sent,1786974206150957,178697341754591645,,,,,,,,,connected_peers=3,,,,,
server,peer_replication_pull_request,sent,1786974206150964,178697341754591645,,,,,,,,,connected_peers=3,,,,,
server,peer_replication_pull_request,sent,1786974206150968,178697341754591645,,,,,,,,,connected_peers=3,,,,,
server,peer_replication_pull_request,sent,1786974206150972,178697341754591645,,,,,,,,,connected_peers=3,,,,,
server,peer_replication_pull_request,sent,1786974206150976,178697341754591645,,,,,,,,,connected_peers=3,,,,,
server,peer_replication_pull_request,sent,1786974206150983,178697341754591645,,,,,,,,,connected_peers=3,,,,,
server,peer_replication_pull_request,sent,1786974206150987,178697341754591645,,,,,,,,,connected_peers=3,,,,,
server,peer_replication_pull_request,sent,1786974206150991,178697341754591645,,,,,,,,,connected_peers=3,,,,,
server,peer_replication_pull_request,sent,1786974206150996,178697341754591645,,,,,,,,,connected_peers=3,,,,,
server,peer_replication_pull_request,sent,1786974206151003,178697341754591645,,,,,,,,,connected_peers=3,,,,,
server,peer_replication_pull_request,sent,1786974206151007,178697341754591645,,,,,,,,,connected_peers=3,,,,,
server,peer_replication_pull_request,sent,1786974206151012,178697341754591645,,,,,,,,,connected_peers=3,,,,,
server,peer_replication_pull_request,sent,1786974206151016,178697341754591645,,,,,,,,,connected_peers=3,,,,,
server,peer_replication_pull_request,sent,1786974206151024,178697341754591645,,,,,,,,,connected_peers=3,,,,,
server,peer_replication_pull_request,sent,1786974206151028,178697341754591645,,,,,,,,,connected_peers=3,,,,,
server,peer_replication_pull_request,sent,1786974206151033,178697341754591645,,,,,,,,,connected_peers=3,,,,,
server,peer_replication_pull_request,sent,1786974206151037,178697341754591645,,,,,,,,,connected_peers=3,,,,,
server,peer_replication_pull_request,sent,1786974206151041,178697341754591645,,,,,,,,,connected_peers=3,,,,,
server,peer_replication_pull_request,sent,1786974206151048,178697341754591645,,,,,,,,,connected_peers=3,,,,,
server,peer_replication_pull_request,sent,1786974206151052,178697341754591645,,,,,,,,,connected_peers=3,,,,,
server,peer_replication_pull_request,sent,1786974206151057,178697341754591645,,,,,,,,,connected_peers=3,,,,,
server,peer_replication_pull_request,sent,1786974206151061,178697341754591645,,,,,,,,,connected_peers=3,,,,,
server,peer_replication_pull_request,sent,1786974206151065,178697341754591645,,,,,,,,,connected_peers=3,,,,,
server,peer_replication_pull_request,sent,1786974206151071,178697341754591645,,,,,,,,,connected_peers=3,,,,,
server,peer_replication_pull_request,sent,1786974206151075,178697341754591645,,,,,,,,,connected_peers=3,,,,,
server,peer_replication_pull_request,sent,1786974206151082,178697341754591645,,,,,,,,,connected_peers=3,,,,,
server,peer_replication_pull_request,sent,1786974206151086,178697341754591645,,,,,,,,,connected_peers=3,,,,,
server,peer_replication_pull_request,sent,1786974206151090,178697341754591645,,,,,,,,,connected_peers=3,,,,,
server,peer_replication_pull_request,sent,1786974206151094,178697341754591645,,,,,,,,,connected_peers=3,,,,,
server,peer_replication_pull_request,sent,1786974206151110,178697341754591645,,,,,,,,,connected_peers=3,,,,,
server,peer_replication_pull_request,sent,1786974206151114,178697341754591645,,,,,,,,,connected_peers=3,,,,,
server,peer_replication_pull_request,sent,1786974206151118,178697341754591645,,,,,,,,,connected_peers=3,,,,,
server,peer_replication_pull_request,sent,1786974206151122,178697341754591645,,,,,,,,,connected_peers=3,,,,,
server,peer_replication_pull_request,sent,1786974206151126,178697341754591645,,,,,,,,,connected_peers=3,,,,,
server,peer_replication_pull_request,sent,1786974206151131,178697341754591645,,,,,,,,,connected_peers=3,,,,,
server,peer_replication_pull_request,sent,1786974206151135,178697341754591645,,,,,,,,,connected_peers=3,,,,,
server,peer_replication_pull_request,sent,1786974206151140,178697341754591645,,,,,,,,,connected_peers=3,,,,,
server,peer_replication_pull_request,sent,1786974206151144,178697341754591645,,,,,,,,,connected_peers=3,,,,,
server,peer_replication_pull_request,sent,1786974206151151,178697341754591645,,,,,,,,,connected_peers=3,,,,,
server,peer_replication_pull_request,sent,1786974206151155,178697341754591645,,,,,,,,,connected_peers=3,,,,,
server,peer_replication_pull_request,sent,1786974206151160,178697341754591645,,,,,,,,,connected_peers=3,,,,,
server,peer_replication_pull_request,sent,1786974206151164,178697341754591645,,,,,,,,,connected_peers=3,,,,,
server,peer_replication_pull_request,sent,1786974206151168,178697341754591645,,,,,,,,,connected_peers=3,,,,,
server,peer_replication_pull_request,sent,1786974206151175,178697341754591645,,,,,,,,,connected_peers=3,,,,,
server,peer_replication_pull_request,sent,1786974206151179,178697341754591645,,,,,,,,,connected_peers=3,,,,,
server,peer_replication_pull_request,sent,1786974206151183,178697341754591645,,,,,,,,,connected_peers=3,,,,,
server,peer_replication_pull_request,sent,1786974206151187,178697341754591645,,,,,,,,,connected_peers=3,,,,,
server,peer_replication_pull_request,sent,1786974206151194,178697341754591645,,,,,,,,,connected_peers=3,,,,,
server,peer_replication_pull_request,sent,1786974206151198,178697341754591645,,,,,,,,,connected_peers=3,,,,,
server,peer_replication_pull_request,sent,1786974206151203,178697341754591645,,,,,,,,,connected_peers=3,,,,,
server,peer_replication_pull_request,sent,1786974206151207,178697341754591645,,,,,,,,,connected_peers=3,,,,,
server,peer_replication_pull_request,sent,1786974206151214,178697341754591645,,,,,,,,,connected_peers=3,,,,,
server,peer_replication_pull_request,sent,1786974206151218,178697341754591645,,,,,,,,,connected_peers=3,,,,,
server,peer_replication_pull_request,sent,1786974206151223,178697341754591645,,,,,,,,,connected_peers=3,,,,,
server,peer_replication_pull_request,sent,1786974206151227,178697341754591645,,,,,,,,,connected_peers=3,,,,,
server,peer_replication_pull_request,sent,1786974206151231,178697341754591645,,,,,,,,,connected_peers=3,,,,,
server,peer_replication_pull_request,sent,1786974206151238,178697341754591645,,,,,,,,,connected_peers=3,,,,,
server,peer_replication_pull_request,sent,1786974206151242,178697341754591645,,,,,,,,,connected_peers=3,,,,,
server,peer_replication_pull_request,sent,1786974206151246,178697341754591645,,,,,,,,,connected_peers=3,,,,,
server,peer_replication_pull_request,sent,1786974206151250,178697341754591645,,,,,,,,,connected_peers=3,,,,,
server,peer_replication_pull_request,sent,1786974206151254,178697341754591645,,,,,,,,,connected_peers=3,,,,,
server,peer_replication_pull_request,sent,1786974206151259,178697341754591645,,,,,,,,,connected_peers=3,,,,,
server,peer_replication_pull_request,sent,1786974206151265,178697341754591645,,,,,,,,,connected_peers=3,,,,,
server,peer_replication_pull_request,sent,1786974206151269,178697341754591645,,,,,,,,,connected_peers=3,,,,,
server,peer_replication_pull_request,sent,1786974206151274,178697341754591645,,,,,,,,,connected_peers=3,,,,,
server,peer_replication_pull_request,sent,1786974206151278,178697341754591645,,,,,,,,,connected_peers=3,,,,,
server,peer_replication_pull_request,sent,1786974206151291,178697341754591645,,,,,,,,,connected_peers=3,,,,,
server,peer_replication_pull_request,sent,1786974206151295,178697341754591645,,,,,,,,,connected_peers=3,,,,,
server,peer_replication_pull_request,sent,1786974206151299,178697341754591645,,,,,,,,,connected_peers=3,,,,,
server,peer_replication_pull_request,sent,1786974206151303,178697341754591645,,,,,,,,,connected_peers=3,,,,,
server,peer_replication_pull_request,sent,1786974206151307,178697341754591645,,,,,,,,,connected_peers=3,,,,,
server,peer_replication_pull_request,sent,1786974206151311,178697341754591645,,,,,,,,,connected_peers=3,,,,,
server,peer_replication_pull_request,sent,1786974206151316,178697341754591645,,,,,,,,,connected_peers=3,,,,,
server,peer_replication_pull_request,sent,1786974206151320,178697341754591645,,,,,,,,,connected_peers=3,,,,,
server,peer_replication_pull_request,sent,1786974206151327,178697341754591645,,,,,,,,,connected_peers=3,,,,,
server,peer_replication_pull_request,sent,1786974206151332,178697341754591645,,,,,,,,,connected_peers=3,,,,,
server,peer_replication_pull_request,sent,1786974206151336,178697341754591645,,,,,,,,,connected_peers=3,,,,,
server,peer_replication_pull_request,sent,1786974206151340,178697341754591645,,,,,,,,,connected_peers=3,,,,,
server,peer_replication_pull_request,sent,1786974206151344,178697341754591645,,,,,,,,,connected_peers=3,,,,,
server,peer_replication_pull_request,sent,1786974206151348,178697341754591645,,,,,,,,,connected_peers=3,,,,,
server,peer_replication_pull_request,sent,1786974206151355,178697341754591645,,,,,,,,,connected_peers=3,,,,,
server,peer_replication_pull_request,sent,1786974206151359,178697341754591645,,,,,,,,,connected_peers=3,,,,,
server,peer_replication_pull_request,sent,1786974206151364,178697341754591645,,,,,,,,,connected_peers=3,,,,,
server,peer_replication_pull_request,sent,1786974206151368,178697341754591645,,,,,,,,,connected_peers=3,,,,,
server,peer_replication_pull_request,sent,1786974206151375,178697341754591645,,,,,,,,,connected_peers=3,,,,,
server,peer_replication_pull_request,sent,1786974206151379,178697341754591645,,,,,,,,,connected_peers=3,,,,,
server,peer_replication_pull_request,sent,1786974206151383,178697341754591645,,,,,,,,,connected_peers=3,,,,,
server,peer_replication_pull_request,sent,1786974206151388,178697341754591645,,,,,,,,,connected_peers=3,,,,,
server,peer_replication_pull_request,sent,1786974206151392,178697341754591645,,,,,,,,,connected_peers=3,,,,,
server,peer_replication_pull_request,sent,1786974206151399,178697341754591645,,,,,,,,,connected_peers=3,,,,,
server,peer_replication_pull_request,sent,1786974206151403,178697341754591645,,,,,,,,,connected_peers=3,,,,,
server,peer_replication_pull_request,sent,1786974206151407,178697341754591645,,,,,,,,,connected_peers=3,,,,,
server,peer_replication_pull_request,sent,1786974206151412,178697341754591645,,,,,,,,,connected_peers=3,,,,,
server,peer_replication_pull_request,sent,1786974206151418,178697341754591645,,,,,,,,,connected_peers=3,,,,,
server,peer_replication_pull_request,sent,1786974206151422,178697341754591645,,,,,,,,,connected_peers=3,,,,,
server,peer_replication_pull_request,sent,1786974206151427,178697341754591645,,,,,,,,,connected_peers=3,,,,,
server,peer_replication_pull_request,sent,1786974206151431,178697341754591645,,,,,,,,,connected_peers=3,,,,,
server,peer_replication_pull_request,sent,1786974206151435,178697341754591645,,,,,,,,,connected_peers=3,,,,,
server,peer_replication_pull_request,sent,1786974206151442,178697341754591645,,,,,,,,,connected_peers=3,,,,,
server,peer_replication_pull_request,sent,1786974206151446,178697341754591645,,,,,,,,,connected_peers=3,,,,,
server,peer_replication_pull_request,sent,1786974206151451,178697341754591645,,,,,,,,,connected_peers=3,,,,,
server,peer_replication_pull_request,sent,1786974206151455,178697341754591645,,,,,,,,,connected_peers=3,,,,,
server,peer_replication_pull_request,sent,1786974206151459,178697341754591645,,,,,,,,,connected_peers=3,,,,,
server,peer_replication_pull_request,sent,1786974206151464,178697341754591645,,,,,,,,,connected_peers=3,,,,,
server,peer_replication_pull_request,sent,1786974206151480,178697341754591645,,,,,,,,,connected_peers=3,,,,,
server,peer_replication_pull_request,sent,1786974206151484,178697341754591645,,,,,,,,,connected_peers=3,,,,,
server,peer_replication_pull_request,sent,1786974206151488,178697341754591645,,,,,,,,,connected_peers=3,,,,,
server,peer_replication_pull_request,sent,1786974206151492,178697341754591645,,,,,,,,,connected_peers=3,,,,,
server,peer_replication_pull_request,sent,1786974206151496,178697341754591645,,,,,,,,,connected_peers=3,,,,,
server,peer_replication_pull_request,sent,1786974206151500,178697341754591645,,,,,,,,,connected_peers=3,,,,,
server,peer_replication_pull_request,sent,1786974206151505,178697341754591645,,,,,,,,,connected_peers=3,,,,,
server,peer_replication_pull_request,sent,1786974206151509,178697341754591645,,,,,,,,,connected_peers=3,,,,,
server,peer_replication_pull_request,sent,1786974206151513,178697341754591645,,,,,,,,,connected_peers=3,,,,,
server,peer_replication_pull_request,sent,1786974206151517,178697341754591645,,,,,,,,,connected_peers=3,,,,,
server,peer_replication_pull_request,sent,1786974206151521,178697341754591645,,,,,,,,,connected_peers=3,,,,,
server,peer_replication_pull_request,sent,1786974206151525,178697341754591645,,,,,,,,,connected_peers=3,,,,,
server,peer_replication_pull_request,sent,1786974206151532,178697341754591645,,,,,,,,,connected_peers=3,,,,,
server,peer_replication_pull_request,sent,1786974206151536,178697341754591645,,,,,,,,,connected_peers=3,,,,,
server,peer_replication_pull_request,sent,1786974206151540,178697341754591645,,,,,,,,,connected_peers=3,,,,,
server,peer_replication_pull_request,sent,1786974206151545,178697341754591645,,,,,,,,,connected_peers=3,,,,,
server,peer_replication_pull_request,sent,1786974206151561,178697341754591645,,,,,,,,,connected_peers=3,,,,,
server,peer_replication_pull_request,sent,1786974206151568,178697341754591645,,,,,,,,,connected_peers=3,,,,,
server,peer_replication_pull_request,sent,1786974206151572,178697341754591645,,,,,,,,,connected_peers=3,,,,,
server,peer_replication_pull_request,sent,1786974206151576,178697341754591645,,,,,,,,,connected_peers=3,,,,,
server,peer_replication_pull_request,sent,1786974206151580,178697341754591645,,,,,,,,,connected_peers=3,,,,,
server,peer_replication_pull_request,sent,1786974206151584,178697341754591645,,,,,,,,,connected_peers=3,,,,,
server,peer_replication_pull_request,sent,1786974206151588,178697341754591645,,,,,,,,,connected_peers=3,,,,,
server,peer_replication_pull_request,sent,1786974206151592,178697341754591645,,,,,,,,,connected_peers=3,,,,,
server,peer_replication_pull_request,sent,1786974206151597,178697341754591645,,,,,,,,,connected_peers=3,,,,,
server,peer_replication_pull_request,sent,1786974206151604,178697341754591645,,,,,,,,,connected_peers=3,,,,,
server,peer_replication_pull_request,sent,1786974206151608,178697341754591645,,,,,,,,,connected_peers=3,,,,,
server,peer_replication_pull_request,sent,1786974206151612,178697341754591645,,,,,,,,,connected_peers=3,,,,,
server,peer_replication_pull_request,sent,1786974206151616,178697341754591645,,,,,,,,,connected_peers=3,,,,,
server,peer_replication_pull_request,sent,1786974206151620,178697341754591645,,,,,,,,,connected_peers=3,,,,,
server,peer_replication_pull_request,sent,1786974206151625,178697341754591645,,,,,,,,,connected_peers=3,,,,,
server,peer_replication_pull_request,sent,1786974206151631,178697341754591645,,,,,,,,,connected_peers=3,,,,,
server,peer_replication_pull_request,sent,1786974206151637,178697341754591645,,,,,,,,,connected_peers=3,,,,,
server,peer_replication_pull_request,sent,1786974206151641,178697341754591645,,,,,,,,,connected_peers=3,,,,,
server,peer_replication_pull_request,sent,1786974206151645,178697341754591645,,,,,,,,,connected_peers=3,,,,,
server,peer_replication_pull_request,sent,1786974206151652,178697341754591645,,,,,,,,,connected_peers=3,,,,,
server,peer_replication_pull_request,sent,1786974206151656,178697341754591645,,,,,,,,,connected_peers=3,,,,,
server,peer_replication_pull_request,sent,1786974206151660,178697341754591645,,,,,,,,,connected_peers=3,,,,,
server,peer_replication_pull_request,sent,1786974206151671,178697341754591645,,,,,,,,,connected_peers=3,,,,,
server,peer_replication_pull_request,sent,1786974206151676,178697341754591645,,,,,,,,,connected_peers=3,,,,,
server,peer_replication_pull_request,sent,1786974206151680,178697341754591645,,,,,,,,,connected_peers=3,,,,,
server,peer_replication_pull_request,sent,1786974206151684,178697341754591645,,,,,,,,,connected_peers=3,,,,,
server,peer_replication_pull_request,sent,1786974206151688,178697341754591645,,,,,,,,,connected_peers=3,,,,,
server,peer_replication_pull_request,sent,1786974206151692,178697341754591645,,,,,,,,,connected_peers=3,,,,,
server,peer_replication_pull_request,sent,1786974206151697,178697341754591645,,,,,,,,,connected_peers=3,,,,,
server,peer_replication_pull_request,sent,1786974206151704,178697341754591645,,,,,,,,,connected_peers=3,,,,,
server,peer_replication_pull_request,sent,1786974206151708,178697341754591645,,,,,,,,,connected_peers=3,,,,,
server,peer_replication_pull_request,sent,1786974206151712,178697341754591645,,,,,,,,,connected_peers=3,,,,,
server,peer_replication_pull_request,sent,1786974206151719,178697341754591645,,,,,,,,,connected_peers=3,,,,,
server,peer_replication_pull_request,sent,1786974206151724,178697341754591645,,,,,,,,,connected_peers=3,,,,,
server,peer_replication_pull_request,sent,1786974206151728,178697341754591645,,,,,,,,,connected_peers=3,,,,,
server,peer_replication_pull_request,sent,1786974206151732,178697341754591645,,,,,,,,,connected_peers=3,,,,,
server,peer_replication_pull_request,sent,1786974206151739,178697341754591645,,,,,,,,,connected_peers=3,,,,,
server,peer_replication_pull_request,sent,1786974206151743,178697341754591645,,,,,,,,,connected_peers=3,,,,,
server,peer_replication_pull_request,sent,1786974206151747,178697341754591645,,,,,,,,,connected_peers=3,,,,,
server,peer_replication_pull_request,sent,1786974206151752,178697341754591645,,,,,,,,,connected_peers=3,,,,,
server,peer_replication_pull_request,sent,1786974206151759,178697341754591645,,,,,,,,,connected_peers=3,,,,,
server,peer_replication_pull_request,sent,1786974206151763,178697341754591645,,,,,,,,,connected_peers=3,,,,,
server,peer_replication_pull_request,sent,1786974206151767,178697341754591645,,,,,,,,,connected_peers=3,,,,,
server,peer_replication_pull_request,sent,1786974206151772,178697341754591645,,,,,,,,,connected_peers=3,,,,,
server,peer_replication_pull_request,sent,1786974206151778,178697341754591645,,,,,,,,,connected_peers=3,,,,,
server,peer_replication_pull_request,sent,1786974206151782,178697341754591645,,,,,,,,,connected_peers=3,,,,,
server,peer_replication_pull_request,sent,1786974206151786,178697341754591645,,,,,,,,,connected_peers=3,,,,,
server,peer_replication_pull_request,sent,1786974206151791,178697341754591645,,,,,,,,,connected_peers=3,,,,,
server,peer_replication_pull_request,sent,1786974206151800,178697341754591645,,,,,,,,,connected_peers=3,,,,,
server,peer_replication_pull_request,sent,1786974206151804,178697341754591645,,,,,,,,,connected_peers=3,,,,,
server,peer_replication_pull_request,sent,1786974206151808,178697341754591645,,,,,,,,,connected_peers=3,,,,,
server,peer_replication_pull_request,sent,1786974206151812,178697341754591645,,,,,,,,,connected_peers=3,,,,,
server,peer_replication_pull_request,sent,1786974206151817,178697341754591645,,,,,,,,,connected_peers=3,,,,,
server,peer_replication_pull_request,sent,1786974206151821,178697341754591645,,,,,,,,,connected_peers=3,,,,,
server,peer_replication_pull_request,sent,1786974206151827,178697341754591645,,,,,,,,,connected_peers=3,,,,,
server,peer_replication_pull_request,sent,1786974206151832,178697341754591645,,,,,,,,,connected_peers=3,,,,,
server,peer_replication_pull_request,sent,1786974206151836,178697341754591645,,,,,,,,,connected_peers=3,,,,,
server,peer_replication_pull_request,sent,1786974206151840,178697341754591645,,,,,,,,,connected_peers=3,,,,,
server,peer_replication_pull_request,sent,1786974206151844,178697341754591645,,,,,,,,,connected_peers=3,,,,,
server,peer_replication_pull_request,sent,1786974206151850,178697341754591645,,,,,,,,,connected_peers=3,,,,,
server,peer_replication_pull_request,sent,1786974206151854,178697341754591645,,,,,,,,,connected_peers=3,,,,,
server,peer_replication_pull_request,sent,1786974206151857,178697341754591645,,,,,,,,,connected_peers=3,,,,,
server,peer_replication_pull_request,sent,1786974206151861,178697341754591645,,,,,,,,,connected_peers=3,,,,,
server,peer_replication_pull_request,sent,1786974206151866,178697341754591645,,,,,,,,,connected_peers=3,,,,,
server,peer_replication_pull_request,sent,1786974206151870,178697341754591645,,,,,,,,,connected_peers=3,,,,,
server,peer_replication_pull_request,sent,1786974206151874,178697341754591645,,,,,,,,,connected_peers=3,,,,,
server,peer_replication_pull_request,sent,1786974206151878,178697341754591645,,,,,,,,,connected_peers=3,,,,,
server,peer_replication_pull_request,sent,1786974206151882,178697341754591645,,,,,,,,,connected_peers=3,,,,,
server,peer_replication_pull_request,sent,1786974206151886,178697341754591645,,,,,,,,,connected_peers=3,,,,,
server,peer_replication_pull_request,sent,1786974206151890,178697341754591645,,,,,,,,,connected_peers=3,,,,,
server,peer_replication_pull_request,sent,1786974206151897,178697341754591645,,,,,,,,,connected_peers=3,,,,,
server,peer_replication_pull_request,sent,1786974206151902,178697341754591645,,,,,,,,,connected_peers=3,,,,,
server,peer_replication_pull_request,sent,1786974206151906,178697341754591645,,,,,,,,,connected_peers=3,,,,,
server,peer_replication_pull_request,sent,1786974206151910,178697341754591645,,,,,,,,,connected_peers=3,,,,,
server,peer_replication_pull_request,sent,1786974206151913,178697341754591645,,,,,,,,,connected_peers=3,,,,,
server,peer_replication_pull_request,sent,1786974206151916,178697341754591645,,,,,,,,,connected_peers=3,,,,,
server,peer_replication_pull_request,sent,1786974206151921,178697341754591645,,,,,,,,,connected_peers=3,,,,,
server,peer_replication_pull_request,sent,1786974206151924,178697341754591645,,,,,,,,,connected_peers=3,,,,,
server,peer_replication_pull_request,sent,1786974206151928,178697341754591645,,,,,,,,,connected_peers=3,,,,,
server,peer_replication_pull_request,sent,1786974206151932,178697341754591645,,,,,,,,,connected_peers=3,,,,,
server,peer_replication_pull_request,sent,1786974206151942,178697341754591645,,,,,,,,,connected_peers=3,,,,,
server,peer_replication_pull_request,sent,1786974206151951,178697341754591645,,,,,,,,,connected_peers=3,,,,,
server,peer_replication_pull_request,sent,1786974206151956,178697341754591645,,,,,,,,,connected_peers=3,,,,,
server,peer_replication_pull_request,sent,1786974206151962,178697341754591645,,,,,,,,,connected_peers=3,,,,,
server,peer_replication_pull_request,sent,1786974206151967,178697341754591645,,,,,,,,,connected_peers=3,,,,,
server,peer_replication_pull_request,sent,1786974206151971,178697341754591645,,,,,,,,,connected_peers=3,,,,,
server,peer_replication_pull_request,sent,1786974206151977,178697341754591645,,,,,,,,,connected_peers=3,,,,,
server,peer_replication_pull_request,sent,1786974206151981,178697341754591645,,,,,,,,,connected_peers=3,,,,,
server,peer_replication_pull_request,sent,1786974206151993,178697341754591645,,,,,,,,,connected_peers=3,,,,,
server,peer_replication_pull_request,sent,1786974206151998,178697341754591645,,,,,,,,,connected_peers=3,,,,,
server,peer_replication_pull_request,sent,1786974206152004,178697341754591645,,,,,,,,,connected_peers=3,,,,,
server,peer_replication_pull_request,sent,1786974206152009,178697341754591645,,,,,,,,,connected_peers=3,,,,,
server,peer_replication_pull_request,sent,1786974206152013,178697341754591645,,,,,,,,,connected_peers=3,,,,,
server,peer_replication_pull_request,sent,1786974206152017,178697341754591645,,,,,,,,,connected_peers=3,,,,,
server,peer_replication_pull_request,sent,1786974206152021,178697341754591645,,,,,,,,,connected_peers=3,,,,,
server,peer_replication_pull_request,sent,1786974206152025,178697341754591645,,,,,,,,,connected_peers=3,,,,,
server,peer_replication_pull_request,sent,1786974206152034,178697341754591645,,,,,,,,,connected_peers=3,,,,,
server,peer_replication_pull_request,sent,1786974206152044,178697341754591645,,,,,,,,,connected_peers=3,,,,,
server,peer_replication_pull_request,sent,1786974206152091,178697341754591645,,,,,,,,,connected_peers=3,,,,,
server,peer_replication_pull_request,sent,1786974206152100,178697341754591645,,,,,,,,,connected_peers=3,,,,,
server,peer_replication_pull_request,sent,1786974206152125,178697341754591645,,,,,,,,,connected_peers=3,,,,,
server,peer_replication_pull_request,sent,1786974206152130,178697341754591645,,,,,,,,,connected_peers=3,,,,,
server,peer_replication_pull_request,sent,1786974206152133,178697341754591645,,,,,,,,,connected_peers=3,,,,,
server,peer_replication_pull_request,sent,1786974206152137,178697341754591645,,,,,,,,,connected_peers=3,,,,,
server,peer_replication_pull_request,sent,1786974206152141,178697341754591645,,,,,,,,,connected_peers=3,,,,,
server,peer_replication_pull_request,sent,1786974206152145,178697341754591645,,,,,,,,,connected_peers=3,,,,,
server,peer_replication_pull_request,sent,1786974206152149,178697341754591645,,,,,,,,,connected_peers=3,,,,,
server,peer_replication_pull_request,sent,1786974206152153,178697341754591645,,,,,,,,,connected_peers=3,,,,,
server,peer_replication_pull_request,sent,1786974206152157,178697341754591645,,,,,,,,,connected_peers=3,,,,,
server,peer_replication_pull_request,sent,1786974206152165,178697341754591645,,,,,,,,,connected_peers=3,,,,,
server,peer_replication_pull_request,sent,1786974206152170,178697341754591645,,,,,,,,,connected_peers=3,,,,,
server,peer_replication_pull_request,sent,1786974206152174,178697341754591645,,,,,,,,,connected_peers=3,,,,,
server,peer_replication_pull_request,sent,1786974206152178,178697341754591645,,,,,,,,,connected_peers=3,,,,,
server,peer_replication_pull_request,sent,1786974206152183,178697341754591645,,,,,,,,,connected_peers=3,,,,,
server,peer_replication_pull_request,sent,1786974206152187,178697341754591645,,,,,,,,,connected_peers=3,,,,,
server,peer_replication_pull_request,sent,1786974206152195,178697341754591645,,,,,,,,,connected_peers=3,,,,,
server,peer_replication_pull_request,sent,1786974206152200,178697341754591645,,,,,,,,,connected_peers=3,,,,,
server,peer_replication_pull_request,sent,1786974206152204,178697341754591645,,,,,,,,,connected_peers=3,,,,,
server,peer_replication_pull_request,sent,1786974206152208,178697341754591645,,,,,,,,,connected_peers=3,,,,,
server,peer_replication_pull_request,sent,1786974206152219,178697341754591645,,,,,,,,,connected_peers=3,,,,,
server,peer_replication_pull_request,sent,1786974206152223,178697341754591645,,,,,,,,,connected_peers=3,,,,,
server,peer_replication_pull_request,sent,1786974206152227,178697341754591645,,,,,,,,,connected_peers=3,,,,,
server,peer_replication_pull_request,sent,1786974206152231,178697341754591645,,,,,,,,,connected_peers=3,,,,,
server,peer_replication_pull_request,sent,1786974206152236,178697341754591645,,,,,,,,,connected_peers=3,,,,,
server,peer_replication_pull_request,sent,1786974206152240,178697341754591645,,,,,,,,,connected_peers=3,,,,,
server,peer_replication_pull_request,sent,1786974206152244,178697341754591645,,,,,,,,,connected_peers=3,,,,,
server,peer_replication_pull_request,sent,1786974206152248,178697341754591645,,,,,,,,,connected_peers=3,,,,,
server,peer_replication_pull_request,sent,1786974206152252,178697341754591645,,,,,,,,,connected_peers=3,,,,,
server,peer_replication_pull_request,sent,1786974206152257,178697341754591645,,,,,,,,,connected_peers=3,,,,,
server,peer_replication_pull_request,sent,1786974206152265,178697341754591645,,,,,,,,,connected_peers=3,,,,,
server,peer_replication_pull_request,sent,1786974206152286,178697341754591645,,,,,,,,,connected_peers=3,,,,,
server,peer_replication_pull_request,sent,1786974206152291,178697341754591645,,,,,,,,,connected_peers=3,,,,,
server,peer_replication_pull_request,sent,1786974206152294,178697341754591645,,,,,,,,,connected_peers=3,,,,,
server,peer_replication_pull_request,sent,1786974206152299,178697341754591645,,,,,,,,,connected_peers=3,,,,,
server,peer_replication_pull_request,sent,1786974206152307,178697341754591645,,,,,,,,,connected_peers=3,,,,,
server,peer_replication_pull_request,sent,1786974206152311,178697341754591645,,,,,,,,,connected_peers=3,,,,,
server,peer_replication_pull_request,sent,1786974206152318,178697341754591645,,,,,,,,,connected_peers=3,,,,,
server,peer_replication_pull_request,sent,1786974206152322,178697341754591645,,,,,,,,,connected_peers=3,,,,,
server,peer_replication_pull_request,sent,1786974206152326,178697341754591645,,,,,,,,,connected_peers=3,,,,,
server,peer_replication_pull_request,sent,1786974206152331,178697341754591645,,,,,,,,,connected_peers=3,,,,,
server,peer_replication_pull_request,sent,1786974206152335,178697341754591645,,,,,,,,,connected_peers=3,,,,,
server,peer_replication_pull_request,sent,1786974206152342,178697341754591645,,,,,,,,,connected_peers=3,,,,,
server,peer_replication_pull_request,sent,1786974206152346,178697341754591645,,,,,,,,,connected_peers=3,,,,,
server,peer_replication_pull_request,sent,1786974206152351,178697341754591645,,,,,,,,,connected_peers=3,,,,,
server,peer_replication_pull_request,sent,1786974206152357,178697341754591645,,,,,,,,,connected_peers=3,,,,,
server,peer_replication_pull_request,sent,1786974206152363,178697341754591645,,,,,,,,,connected_peers=3,,,,,
server,peer_replication_pull_request,sent,1786974206152367,178697341754591645,,,,,,,,,connected_peers=3,,,,,
server,peer_replication_pull_request,sent,1786974206152371,178697341754591645,,,,,,,,,connected_peers=3,,,,,
server,peer_replication_pull_request,sent,1786974206152376,178697341754591645,,,,,,,,,connected_peers=3,,,,,
server,peer_replication_pull_request,sent,1786974206152380,178697341754591645,,,,,,,,,connected_peers=3,,,,,
server,peer_replication_pull_request,sent,1786974206152384,178697341754591645,,,,,,,,,connected_peers=3,,,,,
server,peer_replication_pull_request,sent,1786974206152393,178697341754591645,,,,,,,,,connected_peers=3,,,,,
server,peer_replication_pull_request,sent,1786974206152397,178697341754591645,,,,,,,,,connected_peers=3,,,,,
server,peer_replication_pull_request,sent,1786974206152401,178697341754591645,,,,,,,,,connected_peers=3,,,,,
server,peer_replication_pull_request,sent,1786974206152405,178697341754591645,,,,,,,,,connected_peers=3,,,,,
server,peer_replication_pull_request,sent,1786974206152410,178697341754591645,,,,,,,,,connected_peers=3,,,,,
server,peer_replication_pull_request,sent,1786974206152417,178697341754591645,,,,,,,,,connected_peers=3,,,,,
server,peer_replication_pull_request,sent,1786974206152421,178697341754591645,,,,,,,,,connected_peers=3,,,,,
server,peer_replication_pull_request,sent,1786974206152425,178697341754591645,,,,,,,,,connected_peers=3,,,,,
server,peer_replication_pull_request,sent,1786974206152429,178697341754591645,,,,,,,,,connected_peers=3,,,,,
server,peer_replication_pull_request,sent,1786974206152436,178697341754591645,,,,,,,,,connected_peers=3,,,,,
server,peer_replication_pull_request,sent,1786974206152440,178697341754591645,,,,,,,,,connected_peers=3,,,,,
server,peer_replication_pull_request,sent,1786974206152445,178697341754591645,,,,,,,,,connected_peers=3,,,,,
server,peer_replication_pull_request,sent,1786974206152449,178697341754591645,,,,,,,,,connected_peers=3,,,,,
server,peer_replication_pull_request,sent,1786974206152453,178697341754591645,,,,,,,,,connected_peers=3,,,,,
server,peer_replication_pull_request,sent,1786974206152481,178697341754591645,,,,,,,,,connected_peers=3,,,,,
server,peer_replication_pull_request,sent,1786974206152503,178697341754591645,,,,,,,,,connected_peers=3,,,,,
server,gc_init,start,1786974206152522,178697341754591645,,1,,,,,,,previous_gc_marker=0,,,,,
server,gc_membership_descriptor_write,completed,1786974206531179,178697341754591645,,1,,,,,,,"178697341754591645,3.231.214.148:19084,1",,,,,
server,membership_directory_read,completed,1786974206771325,178697341754591645,,1,,,1786974206531205,1786974206771325,,,gc_validation:50 descriptors,,,,,240120
server,gc_init,aborted,1786974206909712,178697341754591645,,1,,,,,,,membership_changed,,,,,
server,membership_directory_read,completed,1786974207273220,178697341754591645,,1,,,1786974206909740,1786974207273220,,,gc_abort_refresh:48 descriptors,,,,,363480
server,peer_replication_pull_request,sent,1786974207273261,178697341754591645,,,,,,,,,connected_peers=3,,,,,
server,gc_init,start,1786974207273282,178697341754591645,,1,,,,,,,previous_gc_marker=0,,,,,
server,gc_membership_descriptor_write,completed,1786974207414940,178697341754591645,,1,,,,,,,"178697341754591645,3.231.214.148:19084,1",,,,,
server,membership_directory_read,completed,1786974207541014,178697341754591645,,1,,,1786974207414971,1786974207541014,,,gc_validation:50 descriptors,,,,,126043
server,gc_init,aborted,1786974207687442,178697341754591645,,1,,,,,,,membership_changed,,,,,
server,membership_directory_read,completed,1786974208051407,178697341754591645,,1,,,1786974207687468,1786974208051407,,,gc_abort_refresh:49 descriptors,,,,,363939
server,peer_replication_pull_request,sent,1786974208051444,178697341754591645,,,,,,,,,connected_peers=3,,,,,
server,gc_init,start,1786974208051464,178697341754591645,,1,,,,,,,previous_gc_marker=0,,,,,
server,gc_membership_descriptor_write,completed,1786974208188283,178697341754591645,,1,,,,,,,"178697341754591645,3.231.214.148:19084,1",,,,,
server,membership_directory_read,completed,1786974208321791,178697341754591645,,1,,,1786974208188309,1786974208321791,,,gc_validation:50 descriptors,,,,,133482
server,gc_local_collect,completed,1786974208321846,178697341754591645,,1,,,1786974208321825,1786974208321846,,,departed_pids=None,,,,,21
server,gc_persistent_state_write,completed,1786974208463269,178697341754591645,,1,,,1786974208321851,1786974208463269,,,,,,,,141418
server,gc_finalize,completed,1786974208609060,178697341754591645,,1,,,,,,,"178697341754591645,3.231.214.148:19084,0",,,,,
server,membership_directory_read,completed,1786974208974051,178697341754591645,,,,,1786974208609114,1786974208974051,,,poll:49 descriptors,,,,,364937
